student_id,Age,Gender,Study_Hours_per_Day,Sleep_Hours,Attendance_%,Assignments_Completed_%,Midterm_Score,Stress_Level_(1-10),Social_Media_Hours,SGPA
S0001,22.0,Male,3.84,6.7,100.0,87.59,48.07,3.69,3.07,6.38
S0002,20.0,Female,4.83,5.06,61.37,54.64,74.64,7.12,0.25,6.65
S0003,22.0,Male,2.08,5.69,84.07,61.49,67.88,5.73,5.08,6.58
S0004,25.0,Female,2.75,5.6,95.87,60.54,73.8,2.93,3.21,6.91
S0005,20.0,Male,6.66,7.05,100.0,91.2,42.29,7.26,3.57,7.03
S0006,20.0,Male,3.32,6.88,73.15,89.14,68.74,2.63,5.05,6.69
S0007,25.0,Male,2.62,5.93,83.9,82.31,50.75,6.16,2.05,6.3
S0008,23.0,Male,5.47,7.01,84.84,91.08,60.23,3.87,3.86,7.42
S0009,19.0,Female,6.63,6.14,80.35,61.81,71.41,4.77,2.84,7.11
S0010,22.0,Male,5.79,6.47,76.81,80.23,66.09,6.51,2.72,6.73
S0011,19.0,Female,6.29,8.81,83.23,73.12,54.78,6.54,1.84,7.23
S0012,19.0,Male,3.14,8.41,47.61,87.7,65.08,8.17,5.5,4.99
S0013,21.0,Male,1.94,5.24,86.18,73.27,46.62,5.34,2.44,6.72
S0014,17.0,Male,7.2,7.8,79.51,69.23,78.8,6.11,4.05,6.53
S0015,17.0,Female,3.92,7.77,75.33,83.11,62.54,4.62,0.19,6.51
S0016,19.0,Male,4.05,5.42,100.0,88.14,78.42,5.86,4.77,7.42
S0017,17.0,Female,6.89,7.78,69.9,64.97,58.68,6.38,4.58,6.23
S0018,21.0,Female,5.5,8.65,73.16,74.08,58.72,5.3,3.15,6.9
S0019,18.0,Female,5.32,5.45,100.0,59.12,55.83,1.89,2.66,6.25
S0020,17.0,Female,8.4,5.7,68.02,37.53,75.51,6.16,3.6,6.55
S0021,25.0,Female,3.34,8.02,71.4,78.01,56.49,6.23,6.43,5.79
S0022,20.0,Female,6.17,7.13,76.24,84.13,72.74,4.14,0.36,7.42
S0023,21.0,Female,4.6,7.46,88.09,78.93,60.41,2.93,4.17,6.77
S0024,17.0,Female,4.98,7.21,80.49,45.76,41.29,8.45,1.63,5.6
S0025,19.0,Female,7.25,7.27,62.49,69.74,58.16,6.48,2.97,6.07
S0026,21.0,Male,5.41,5.21,71.61,41.72,50.85,5.04,2.63,5.4
S0027,17.0,Male,5.47,8.06,70.71,95.55,65.41,3.23,2.36,7.16
S0028,22.0,Male,6.43,8.2,77.07,58.71,50.72,3.86,2.98,6.61
S0029,19.0,Male,3.84,6.52,83.11,93.83,76.11,8.11,1.3,7.02
S0030,20.0,Male,2.99,6.75,83.02,89.19,63.91,5.78,4.54,6.3
S0031,19.0,Female,2.62,4.96,56.69,61.49,62.87,4.4,0.31,6.05
S0032,26.0,Female,0.96,7.42,90.77,58.01,72.87,6.52,3.81,6.44
S0033,20.0,Female,8.2,7.49,81.03,80.26,76.57,3.87,2.51,7.91
S0034,17.0,Female,2.51,6.73,94.61,62.34,64.76,8.5,1.24,6.18
S0035,23.0,Female,4.1,8.15,83.33,76.54,55.75,8.21,3.3,5.68
S0036,17.0,Female,4.0,6.4,91.22,67.76,43.71,4.57,0.66,5.99
S0037,21.0,Female,5.05,7.48,83.6,48.28,56.77,4.24,3.06,5.89
S0038,17.0,Male,5.97,5.58,94.15,41.54,57.59,1.0,0.87,6.5
S0039,17.0,Male,6.05,6.77,84.27,78.4,66.28,2.54,3.69,6.78
S0040,21.0,Male,3.45,6.59,76.83,66.58,60.86,2.82,1.61,6.67
S0041,23.0,Male,4.2,7.07,100.0,66.7,73.26,5.77,2.32,7.07
S0042,21.0,Female,5.01,6.36,88.67,85.44,57.64,4.85,3.44,6.85
S0043,20.0,Female,4.05,6.64,84.88,92.6,64.32,2.81,1.84,7.14
S0044,20.0,Female,7.39,7.79,62.68,70.91,79.21,4.94,2.91,7.11
S0045,17.0,Male,5.38,6.28,62.54,69.89,69.1,6.51,0.73,6.48
S0046,18.0,Female,5.82,4.87,81.51,82.5,64.28,6.56,3.95,6.93
S0047,19.0,Female,5.69,8.9,79.75,54.65,57.78,1.7,5.65,6.01
S0048,24.0,Female,6.61,8.46,70.63,78.35,57.4,5.24,7.19,6.94
S0049,22.0,Male,4.83,5.25,79.69,83.28,54.79,2.73,3.14,6.4
S0050,17.0,Female,2.17,7.63,97.06,85.2,58.51,7.3,4.18,6.12
S0051,21.0,Male,5.22,6.2,86.34,45.95,74.07,7.07,0.33,6.82
S0052,19.0,Male,3.33,7.12,64.31,63.58,62.34,3.7,5.25,5.58
S0053,18.0,Male,3.55,7.15,76.66,61.83,48.8,3.97,4.16,6.08
S0054,22.0,Male,5.56,6.52,68.34,76.5,86.22,4.58,2.27,8.12
S0055,24.0,Female,6.73,5.86,73.35,82.21,68.84,1.0,4.86,6.64
S0056,23.0,Male,4.54,5.97,73.04,97.45,48.12,6.17,2.62,6.44
S0057,18.0,Male,5.06,5.7,72.27,67.58,59.7,4.95,2.31,5.57
S0058,20.0,Female,7.56,5.8,62.94,67.54,66.33,7.44,3.71,6.58
S0059,21.0,Female,4.93,6.72,76.47,92.25,85.46,3.3,1.4,7.28
S0060,23.0,Male,9.18,5.94,71.27,79.45,51.7,4.26,4.53,6.28
S0061,19.0,Female,5.52,7.62,42.85,94.01,76.71,2.49,1.42,6.42
S0062,20.0,Male,1.33,8.58,100.0,79.33,81.79,3.49,1.42,7.82
S0063,17.0,Male,5.86,6.1,91.07,57.64,57.46,3.14,1.64,7.03
S0064,17.0,Male,5.19,7.09,73.48,55.0,61.67,7.49,4.14,6.1
S0065,23.0,Male,6.82,7.4,78.23,51.73,52.56,4.1,2.07,5.9
S0066,25.0,Female,5.71,7.37,63.94,84.93,62.56,5.75,0.98,7.28
S0067,20.0,Male,4.25,6.89,98.35,92.83,64.56,4.74,2.09,7.02
S0068,24.0,Female,2.3,7.69,100.0,100.0,72.92,2.96,2.95,6.7
S0069,22.0,Female,4.12,7.38,79.88,87.65,78.08,5.16,1.23,7.5
S0070,19.0,Female,2.97,5.31,90.28,92.44,56.02,6.7,1.27,6.23
S0071,22.0,Female,3.46,7.84,80.1,66.3,41.39,3.08,6.17,6.07
S0072,25.0,Male,5.56,7.86,61.96,57.65,64.75,7.12,1.71,6.04
S0073,20.0,Female,7.51,5.88,73.06,87.75,68.52,3.8,2.52,7.38
S0074,25.0,Male,5.21,6.85,79.58,81.27,67.99,4.53,2.45,7.52
S0075,17.0,Female,2.35,7.62,72.55,76.61,61.08,6.56,2.37,5.75
S0076,23.0,Female,5.3,6.55,75.38,80.81,66.5,4.17,3.93,6.52
S0077,21.0,Male,6.65,8.09,76.9,79.85,83.19,5.58,4.42,7.38
S0078,20.0,Male,3.4,9.64,77.03,94.26,69.58,4.87,2.54,7.71
S0079,21.0,Male,4.26,5.86,78.63,94.42,60.52,5.76,1.15,6.53
S0080,17.0,Female,4.53,5.14,65.27,83.16,59.0,1.0,4.91,6.02
S0081,20.0,Female,3.09,7.16,69.4,87.69,62.96,1.84,2.86,6.75
S0082,22.0,Male,5.67,7.67,62.58,82.71,84.64,6.73,5.6,6.77
S0083,25.0,Male,4.28,6.52,89.73,68.08,62.8,7.57,0.0,6.79
S0084,19.0,Male,5.26,8.54,52.73,86.35,64.76,3.68,3.29,5.85
S0085,18.0,Male,2.9,5.19,91.84,54.08,59.21,5.01,5.88,6.92
S0086,19.0,Female,3.71,7.63,94.64,90.81,78.19,6.09,2.47,7.01
S0087,23.0,Male,5.8,6.07,74.37,57.08,88.52,6.89,2.66,6.91
S0088,21.0,Male,3.83,8.86,46.76,79.29,70.41,1.44,3.44,6.33
S0089,19.0,Male,7.61,9.19,73.66,62.32,65.99,3.73,2.16,7.65
S0090,22.0,Male,3.78,5.88,77.23,83.3,65.44,4.83,2.53,6.13
S0091,21.0,Female,4.9,6.14,65.87,74.49,36.39,6.91,2.49,6.29
S0092,23.0,Male,6.18,7.83,71.82,51.08,73.94,10.0,2.06,6.83
S0093,18.0,Female,1.95,6.34,96.36,81.31,66.61,5.04,4.84,6.93
S0094,20.0,Male,1.33,6.75,85.98,66.33,70.14,2.69,3.69,6.13
S0095,19.0,Male,1.75,6.83,66.91,88.22,56.46,6.3,3.38,6.24
S0096,17.0,Female,6.77,4.5,58.83,75.02,60.39,8.14,4.21,5.77
S0097,21.0,Male,3.51,6.78,74.08,80.93,60.07,5.72,2.6,6.89
S0098,21.0,Female,9.1,5.97,75.44,60.64,77.26,3.69,1.84,6.85
S0099,21.0,Female,3.48,6.21,83.95,66.16,60.45,7.42,2.1,6.27
S0100,20.0,Male,4.83,8.53,71.58,68.12,89.99,6.83,3.0,6.99
S0101,17.0,Female,7.28,5.29,84.14,87.85,70.17,3.45,1.41,7.03
S0102,19.0,Female,8.11,7.78,100.0,100.0,49.69,6.26,2.25,7.69
S0103,19.0,Female,8.21,6.47,87.79,62.92,63.46,7.49,2.23,7.13
S0104,18.0,Female,6.68,6.46,77.42,91.15,57.18,7.86,6.19,7.06
S0105,20.0,Female,6.34,7.75,75.8,42.45,38.67,5.37,0.0,4.96
S0106,22.0,Female,5.57,7.21,73.72,57.09,84.19,4.78,2.73,7.42
S0107,26.0,Female,5.9,7.48,92.17,60.62,73.44,7.95,5.59,7.9
S0108,21.0,Female,3.51,7.96,70.47,54.71,71.4,3.08,3.18,6.19
S0109,21.0,Male,3.03,6.4,78.54,51.25,66.98,6.38,4.13,6.83
S0110,20.0,Male,4.49,6.07,78.61,81.19,48.42,2.76,3.15,6.15
S0111,17.0,Female,4.19,5.5,71.98,71.79,59.2,7.63,2.0,5.61
S0112,20.0,Male,3.68,5.81,61.53,80.69,75.1,4.98,0.0,6.58
S0113,21.0,Female,5.75,10.0,81.88,85.36,52.39,8.04,3.31,7.08
S0114,28.0,Female,6.22,8.29,77.27,78.98,34.62,6.48,1.84,5.68
S0115,20.0,Male,4.66,5.18,84.0,84.87,62.27,3.05,1.8,6.62
S0116,21.0,Female,7.16,5.21,71.6,73.96,63.3,8.35,2.25,6.79
S0117,20.0,Female,2.44,7.38,92.65,57.2,66.63,8.6,5.62,6.29
S0118,17.0,Female,4.15,7.46,67.48,90.87,73.74,7.26,6.61,6.9
S0119,24.0,Female,3.21,7.46,98.54,66.16,72.65,3.98,3.33,7.15
S0120,23.0,Male,1.14,6.49,57.03,60.97,68.11,4.89,2.3,5.97
S0121,23.0,Female,4.35,6.65,83.22,72.33,79.35,5.79,1.23,6.99
S0122,18.0,Female,4.28,7.19,83.71,61.31,46.77,4.09,3.7,6.07
S0123,25.0,Female,7.22,6.9,68.45,68.74,71.05,8.88,5.67,6.18
S0124,17.0,Male,5.64,4.14,83.09,80.16,72.52,5.79,2.63,7.52
S0125,22.0,Female,2.66,6.52,93.35,80.23,50.13,1.0,0.0,6.38
S0126,27.0,Male,7.84,5.78,51.4,61.53,46.97,6.18,4.01,6.0
S0127,18.0,Male,6.7,7.01,84.03,67.68,56.05,4.8,4.48,6.44
S0128,19.0,Female,5.55,10.0,48.08,91.11,57.06,5.35,0.62,6.48
S0129,21.0,Female,4.09,7.24,66.41,82.45,74.04,4.76,3.26,6.55
S0130,19.0,Male,2.77,6.42,97.55,100.0,57.63,7.11,3.68,6.47
S0131,17.0,Female,3.83,7.91,71.02,92.7,54.72,7.74,2.89,5.66
S0132,21.0,Male,6.46,7.38,63.91,92.16,57.66,6.07,1.81,6.21
S0133,17.0,Male,7.89,7.3,75.62,54.18,78.42,4.82,4.52,6.83
S0134,22.0,Female,7.28,7.53,100.0,86.46,65.16,5.42,2.39,7.66
S0135,18.0,Female,3.62,9.27,56.02,74.2,62.85,5.54,0.77,6.64
S0136,25.0,Male,2.48,5.44,65.38,66.74,63.68,3.9,0.0,5.94
S0137,18.0,Male,4.75,7.37,95.97,77.52,80.5,6.66,4.89,7.04
S0138,20.0,Male,1.32,5.69,100.0,89.18,56.01,6.42,3.92,5.97
S0139,23.0,Male,5.08,7.47,76.76,82.51,80.79,8.58,3.13,7.36
S0140,17.0,Female,4.23,5.7,63.13,61.82,67.53,8.01,2.34,6.62
S0141,21.0,Female,3.66,6.3,100.0,86.14,63.07,4.13,2.21,7.64
S0142,24.0,Female,1.63,6.45,97.13,65.44,95.01,7.14,1.39,7.76
S0143,17.0,Female,5.42,7.97,86.15,78.25,52.33,3.6,2.35,6.94
S0144,21.0,Female,3.54,7.9,68.25,70.45,60.76,6.89,0.0,6.97
S0145,21.0,Male,2.39,5.31,77.41,71.72,50.21,4.47,1.9,6.04
S0146,23.0,Female,0.5,6.87,76.08,86.49,76.43,3.45,2.53,7.03
S0147,17.0,Female,4.45,5.95,81.97,59.4,85.27,6.06,3.91,6.83
S0148,17.0,Female,7.69,5.29,95.41,100.0,85.04,1.0,2.94,7.77
S0149,22.0,Female,7.49,6.54,88.55,47.68,79.69,2.0,4.19,6.91
S0150,21.0,Female,3.68,6.43,65.07,66.03,62.63,5.15,5.02,5.95
S0151,21.0,Male,3.42,9.71,94.52,80.55,60.62,5.66,4.59,6.87
S0152,22.0,Male,5.34,7.32,81.76,83.76,44.95,4.76,3.71,7.08
S0153,18.0,Male,2.7,5.15,86.24,73.49,89.43,2.34,3.02,7.35
S0154,21.0,Female,5.04,6.12,95.6,74.14,70.63,3.86,1.53,7.73
S0155,21.0,Male,5.88,8.03,64.66,81.16,59.1,6.28,4.11,6.2
S0156,18.0,Male,6.71,9.31,77.57,71.53,80.94,6.66,5.52,7.09
S0157,26.0,Female,4.32,4.9,71.62,95.9,53.33,5.47,3.51,5.78
S0158,22.0,Female,4.13,4.54,59.19,87.59,69.88,7.81,5.88,5.91
S0159,17.0,Female,2.92,9.05,82.16,88.09,62.93,6.29,0.71,7.08
S0160,22.0,Male,3.01,7.27,100.0,60.51,72.66,4.01,1.27,7.07
S0161,18.0,Male,4.09,5.76,55.92,73.81,64.24,4.94,4.28,6.36
S0162,23.0,Female,5.16,7.44,77.61,70.49,47.59,2.69,3.4,6.25
S0163,24.0,Female,6.14,3.64,85.69,59.92,65.91,5.28,4.97,6.34
S0164,18.0,Male,3.05,6.8,79.48,80.4,77.59,7.72,2.98,7.75
S0165,23.0,Male,7.19,7.19,76.64,66.94,64.65,6.87,1.7,6.73
S0166,22.0,Female,4.01,7.91,62.41,84.83,74.3,8.3,2.68,7.13
S0167,23.0,Female,4.46,5.58,80.79,58.95,52.45,4.89,0.7,5.96
S0168,26.0,Male,3.16,6.9,68.92,100.0,64.68,8.19,1.31,6.95
S0169,20.0,Female,0.5,5.69,51.72,61.56,57.51,5.11,4.46,5.51
S0170,18.0,Male,6.09,7.11,92.34,78.29,73.96,8.44,4.31,7.32
S0171,18.0,Male,5.83,5.73,89.5,86.88,65.38,5.46,3.54,6.14
S0172,18.0,Male,3.99,6.31,78.62,66.44,73.28,6.91,0.42,6.76
S0173,20.0,Male,4.62,5.61,80.75,87.79,78.05,8.45,2.46,7.63
S0174,22.0,Female,5.43,7.58,90.89,56.56,73.3,5.11,1.16,7.29
S0175,21.0,Female,1.69,7.83,80.69,96.78,68.28,5.94,4.76,6.94
S0176,23.0,Male,3.55,6.52,88.85,75.21,53.02,8.08,2.12,5.64
S0177,21.0,Male,5.93,6.85,74.43,66.05,64.97,5.23,1.37,6.35
S0178,25.0,Male,2.24,5.06,93.74,70.51,58.6,2.86,3.04,6.59
S0179,20.0,Male,5.03,6.44,81.85,87.13,60.87,9.79,2.04,6.86
S0180,29.0,Male,2.06,6.74,80.33,66.23,60.51,4.56,5.23,6.55
S0181,22.0,Female,5.34,9.94,62.76,63.76,53.24,5.82,1.9,6.01
S0182,18.0,Female,4.44,5.47,81.44,71.68,41.51,7.81,0.9,6.05
S0183,17.0,Female,1.59,8.56,68.02,57.35,56.98,4.28,0.0,5.9
S0184,22.0,Female,6.6,8.0,70.34,100.0,67.32,3.48,2.95,6.84
S0185,20.0,Male,3.18,7.14,68.22,66.5,48.82,6.01,2.16,4.81
S0186,23.0,Male,3.04,8.91,65.21,87.47,65.19,1.91,0.86,6.89
S0187,22.0,Male,4.86,7.25,100.0,78.14,87.8,4.92,4.78,7.84
S0188,20.0,Male,6.57,7.27,93.98,60.23,77.28,5.99,4.0,6.99
S0189,18.0,Male,2.67,6.74,100.0,74.91,84.72,4.96,2.96,6.82
S0190,17.0,Female,4.61,8.27,63.33,86.76,69.69,2.41,5.05,6.96
S0191,19.0,Male,5.27,8.12,78.86,72.18,79.01,8.69,3.99,6.9
S0192,23.0,Female,5.75,6.05,62.48,92.9,56.31,5.71,1.77,6.67
S0193,21.0,Female,4.82,5.22,69.65,90.32,57.27,8.36,1.44,7.13
S0194,17.0,Female,3.84,6.56,66.98,88.78,32.13,4.98,4.23,4.63
S0195,21.0,Female,3.01,5.84,92.88,68.11,79.23,3.74,3.59,6.78
S0196,22.0,Male,4.66,6.72,73.25,58.8,83.48,6.04,3.25,6.73
S0197,18.0,Female,2.57,8.28,90.82,65.8,58.36,5.07,1.73,7.07
S0198,21.0,Female,0.5,6.25,85.25,77.94,61.95,3.14,3.91,5.65
S0199,21.0,Female,5.29,6.75,100.0,83.19,55.95,8.44,1.87,7.72
S0200,17.0,Male,6.13,6.87,60.25,42.43,69.59,4.26,2.85,6.17
S0201,22.0,Male,0.5,7.82,93.11,74.88,78.5,1.82,5.17,6.93
S0202,22.0,Male,2.68,4.1,91.76,77.37,44.09,8.16,2.01,5.87
S0203,24.0,Female,5.61,6.07,66.32,70.84,69.91,4.49,0.64,6.51
S0204,24.0,Female,8.2,7.05,90.09,94.37,61.68,4.28,1.42,7.96
S0205,17.0,Male,4.54,8.24,82.03,81.33,66.36,1.97,4.49,6.51
S0206,18.0,Female,3.19,6.21,75.27,94.65,70.51,8.98,3.38,6.87
S0207,22.0,Male,4.17,4.55,68.11,71.76,62.74,2.92,2.81,6.08
S0208,22.0,Male,6.97,7.54,69.37,89.06,63.76,5.62,2.24,6.63
S0209,22.0,Female,3.34,6.04,100.0,99.53,62.43,7.33,3.73,8.13
S0210,32.0,Female,3.06,5.37,78.01,94.68,76.64,6.34,1.73,7.25
S0211,22.0,Female,3.63,6.05,87.39,58.62,70.03,5.38,3.46,6.8
S0212,24.0,Female,2.78,6.58,68.51,71.19,67.65,2.1,1.9,6.87
S0213,23.0,Male,4.72,6.07,68.64,69.82,49.75,3.88,1.65,5.42
S0214,22.0,Male,7.42,4.15,90.98,82.34,60.46,5.88,2.04,7.74
S0215,20.0,Male,5.08,7.88,61.81,85.3,75.78,3.93,2.44,5.95
S0216,23.0,Male,4.05,8.33,73.02,62.42,65.45,5.91,2.93,6.05
S0217,18.0,Male,3.97,7.58,78.41,76.02,72.91,6.86,3.35,6.62
S0218,20.0,Female,1.69,5.43,79.34,44.7,86.2,7.43,0.0,6.79
S0219,19.0,Male,6.09,6.56,75.85,96.63,77.46,3.05,1.79,7.63
S0220,21.0,Male,4.36,6.79,82.75,67.31,66.12,9.89,2.41,6.44
S0221,27.0,Male,4.18,7.52,86.31,75.84,58.87,7.03,5.26,6.44
S0222,17.0,Female,10.25,7.6,86.82,70.36,34.36,5.5,1.38,6.1
S0223,23.0,Female,5.04,5.92,66.17,92.19,62.98,7.68,3.24,5.9
S0224,17.0,Female,3.15,6.9,74.59,32.44,61.09,10.0,5.24,5.7
S0225,19.0,Female,3.73,7.35,92.34,74.75,69.68,2.62,1.03,7.45
S0226,24.0,Male,6.57,8.55,88.74,73.41,63.15,5.05,3.59,7.66
S0227,21.0,Male,4.7,7.65,61.53,68.2,61.16,1.0,1.8,6.0
S0228,17.0,Female,1.91,7.75,82.22,100.0,43.65,5.89,2.24,6.52
S0229,18.0,Female,6.15,6.9,54.26,61.69,53.72,6.23,1.8,5.69
S0230,23.0,Male,3.3,8.49,78.56,86.58,70.72,5.42,1.9,7.46
S0231,18.0,Male,7.87,7.29,100.0,80.34,85.59,4.19,7.08,8.35
S0232,21.0,Female,6.44,5.77,66.63,93.92,63.83,1.4,4.27,6.92
S0233,21.0,Female,3.69,8.48,67.99,64.99,68.93,6.25,4.65,6.14
S0234,19.0,Female,6.81,7.64,87.17,64.01,76.43,8.41,3.74,7.5
S0235,27.0,Female,4.62,6.27,59.49,91.44,55.27,4.32,0.59,6.59
S0236,22.0,Male,6.03,6.22,70.41,81.38,69.4,6.38,3.59,6.48
S0237,17.0,Male,5.37,7.16,85.16,51.83,56.11,2.36,4.61,5.73
S0238,21.0,Male,2.98,7.36,70.39,66.91,75.38,6.41,1.72,6.44
S0239,19.0,Female,3.34,7.04,75.17,80.8,66.82,4.71,4.45,7.15
S0240,23.0,Female,6.35,7.17,86.93,87.57,68.58,3.98,4.06,7.74
S0241,18.0,Male,3.9,8.84,83.06,64.81,55.61,3.98,5.78,5.78
S0242,20.0,Male,3.77,8.09,81.2,31.29,73.48,4.71,2.37,5.85
S0243,22.0,Male,2.78,7.03,73.93,82.85,90.02,6.26,1.35,7.81
S0244,23.0,Male,5.26,7.93,82.44,56.7,52.91,2.88,2.46,5.85
S0245,17.0,Female,8.21,5.56,76.52,44.74,60.92,4.71,5.15,6.43
S0246,19.0,Male,2.58,7.28,83.49,32.52,67.78,5.42,0.26,5.89
S0247,19.0,Male,4.54,8.97,72.04,87.21,74.44,3.3,0.0,7.93
S0248,19.0,Male,7.04,6.54,75.81,76.93,58.29,9.09,3.13,6.21
S0249,26.0,Male,4.36,5.78,66.12,71.62,31.0,3.79,2.34,5.78
S0250,22.0,Male,5.31,6.02,77.58,95.84,81.31,4.16,3.01,7.56
S0251,17.0,Male,2.59,5.49,68.27,84.56,74.13,3.54,4.42,6.66
S0252,23.0,Male,5.27,5.86,64.63,99.24,44.08,9.1,2.17,5.25
S0253,27.0,Female,4.16,6.36,81.1,54.11,57.71,6.61,0.19,5.31
S0254,24.0,Female,6.27,5.11,80.55,74.48,83.82,3.63,6.07,7.13
S0255,17.0,Female,6.64,6.82,87.39,50.75,82.37,7.71,1.5,7.28
S0256,19.0,Female,9.16,7.88,72.83,71.56,76.26,5.9,1.41,6.93
S0257,24.0,Male,5.54,5.71,82.9,71.27,62.89,6.01,4.66,6.1
S0258,18.0,Female,5.09,8.62,84.61,84.4,66.0,4.81,2.42,7.34
S0259,22.0,Female,4.85,7.41,83.34,75.68,63.43,4.0,2.9,7.02
S0260,23.0,Male,3.86,8.04,68.09,84.35,78.54,6.18,3.72,6.84
S0261,18.0,Male,5.11,6.01,79.79,85.55,54.49,4.41,4.63,6.77
S0262,20.0,Female,3.97,7.83,82.37,100.0,55.33,9.13,2.5,6.23
S0263,17.0,Female,4.8,5.49,78.09,70.27,77.12,2.96,5.28,6.69
S0264,17.0,Male,6.87,7.87,52.96,60.88,64.47,8.57,0.0,6.89
S0265,20.0,Female,2.69,7.01,79.93,78.69,81.54,5.28,4.14,7.01
S0266,17.0,Male,6.55,7.46,100.0,62.97,56.94,6.1,1.74,6.96
S0267,25.0,Male,6.87,5.39,73.68,97.23,64.34,7.17,5.06,7.77
S0268,17.0,Male,4.29,5.73,69.26,70.75,53.93,4.24,3.21,5.43
S0269,19.0,Male,0.68,7.52,82.48,66.52,65.09,7.23,1.99,6.55
S0270,21.0,Female,3.41,5.66,81.75,67.93,47.26,1.0,3.99,6.63
S0271,25.0,Male,6.83,7.36,92.31,85.78,59.15,4.06,4.34,6.99
S0272,17.0,Male,4.46,5.16,62.91,72.63,47.76,3.65,3.96,6.02
S0273,24.0,Female,2.7,7.82,86.78,65.37,73.33,2.99,1.46,6.52
S0274,21.0,Male,3.59,5.32,85.09,99.98,73.6,5.07,2.27,6.99
S0275,18.0,Female,6.01,7.46,76.29,62.16,44.24,6.27,2.99,6.08
S0276,22.0,Female,5.48,7.55,82.06,75.53,81.01,6.91,2.94,7.6
S0277,21.0,Female,4.07,5.96,90.35,84.78,94.97,5.98,4.12,8.2
S0278,19.0,Male,3.84,7.5,88.47,50.53,65.55,4.17,0.0,7.26
S0279,21.0,Female,3.79,7.11,64.28,82.2,57.31,6.24,3.5,6.08
S0280,19.0,Female,2.84,6.15,87.84,59.17,98.89,5.75,2.57,7.88
S0281,21.0,Male,7.41,5.59,77.22,87.34,49.17,7.37,1.74,6.4
S0282,22.0,Female,3.92,4.44,78.87,60.56,65.24,7.05,1.89,6.61
S0283,25.0,Female,6.69,7.22,78.88,85.39,67.16,5.56,2.68,7.19
S0284,17.0,Female,7.24,4.92,76.2,91.59,81.14,3.71,0.0,7.87
S0285,27.0,Female,6.3,6.91,92.3,87.92,69.32,4.19,1.95,7.67
S0286,17.0,Female,3.72,6.48,77.0,78.77,59.02,4.4,1.69,5.83
S0287,20.0,Male,5.23,7.61,64.57,71.53,53.59,4.87,3.8,5.59
S0288,22.0,Female,4.46,6.44,73.28,66.35,60.9,6.04,1.79,6.33
S0289,21.0,Female,2.87,6.4,80.14,97.07,52.92,6.93,2.68,5.74
S0290,19.0,Male,5.08,7.68,92.75,64.51,65.57,5.4,5.31,7.09
S0291,20.0,Male,2.38,7.2,85.24,59.44,58.23,5.53,4.49,6.4
S0292,19.0,Male,6.64,7.18,67.79,84.98,47.07,5.79,4.35,6.31
S0293,19.0,Female,3.66,7.36,100.0,63.06,80.06,4.47,2.25,6.89
S0294,23.0,Male,4.86,4.96,81.18,60.75,59.03,3.65,3.81,6.79
S0295,22.0,Female,5.01,7.71,93.3,53.35,49.78,1.99,2.65,7.17
S0296,18.0,Female,4.03,7.53,76.18,67.76,62.98,4.11,2.71,6.51
S0297,23.0,Male,5.56,5.58,84.4,73.76,65.82,6.45,3.61,6.93
S0298,21.0,Male,3.65,6.51,88.07,78.65,44.04,4.09,2.1,6.3
S0299,23.0,Female,6.07,6.75,92.62,89.27,68.98,5.02,5.24,7.5
S0300,22.0,Male,2.08,6.64,90.69,82.9,52.43,6.43,2.76,6.29
S0301,18.0,Female,4.73,7.2,88.47,72.14,85.53,6.54,3.93,7.34
S0302,19.0,Male,7.99,8.52,74.22,72.03,71.29,3.34,5.18,7.43
S0303,23.0,Male,2.7,8.1,71.14,82.65,60.2,7.49,4.55,7.13
S0304,22.0,Male,3.28,5.23,81.99,94.09,56.06,7.75,0.89,5.99
S0305,20.0,Female,5.43,7.55,89.2,76.89,63.74,3.24,3.67,6.95
S0306,21.0,Male,4.82,8.39,75.33,67.96,72.35,3.85,4.28,6.3
S0307,24.0,Female,5.13,7.26,90.78,60.11,64.69,7.88,4.34,7.22
S0308,19.0,Female,5.38,8.11,95.43,53.32,62.39,5.21,1.33,6.57
S0309,22.0,Female,5.64,9.21,67.0,84.99,65.7,1.06,2.01,6.4
S0310,20.0,Female,6.5,8.03,67.96,83.67,57.75,2.7,4.49,6.85
S0311,20.0,Male,5.24,7.1,76.32,83.66,60.88,5.0,1.86,7.44
S0312,24.0,Female,4.07,8.05,81.69,73.07,39.97,3.17,2.55,6.28
S0313,23.0,Female,5.71,6.97,71.71,96.1,76.68,4.67,5.36,7.27
S0314,23.0,Male,7.92,6.83,94.23,67.74,68.59,5.56,2.93,7.44
S0315,24.0,Female,4.26,6.38,83.09,89.33,55.72,8.42,1.91,7.14
S0316,21.0,Male,2.75,8.68,78.47,74.42,87.78,4.92,1.68,6.95
S0317,23.0,Female,6.49,5.82,60.77,65.87,66.04,7.65,3.5,6.18
S0318,20.0,Male,4.28,8.64,62.21,83.89,52.57,8.36,1.0,5.96
S0319,21.0,Female,0.59,7.4,81.37,81.14,75.28,8.37,2.63,6.18
S0320,20.0,Male,6.03,5.12,52.41,80.35,69.78,6.07,3.5,6.22
S0321,21.0,Female,3.54,7.24,90.15,76.22,69.73,1.57,4.95,7.4
S0322,22.0,Female,4.34,4.28,76.1,74.43,59.89,6.42,4.0,6.42
S0323,18.0,Male,5.1,7.55,100.0,100.0,70.41,7.6,1.93,7.93
S0324,27.0,Male,4.84,7.86,100.0,92.76,61.86,5.34,4.77,7.28
S0325,17.0,Male,5.78,6.09,75.82,85.84,71.67,8.99,2.55,7.15
S0326,17.0,Male,3.72,6.95,76.72,76.68,42.14,7.22,1.15,5.57
S0327,24.0,Female,5.42,9.14,89.95,90.11,59.79,6.64,2.74,6.98
S0328,23.0,Female,4.03,6.19,98.44,82.77,85.67,7.67,5.16,7.58
S0329,22.0,Male,5.83,5.53,58.34,75.39,55.8,6.17,3.25,6.09
S0330,22.0,Female,5.61,8.58,56.56,70.45,57.75,1.0,3.02,6.36
S0331,20.0,Male,2.82,9.16,70.54,73.79,59.62,4.5,5.46,6.08
S0332,18.0,Male,6.45,6.8,84.99,27.44,50.42,7.89,0.85,5.68
S0333,21.0,Female,3.54,8.01,83.96,78.16,38.5,3.88,1.07,7.35
S0334,18.0,Female,5.95,8.41,90.84,67.67,62.23,5.05,0.58,7.4
S0335,23.0,Female,5.16,5.91,63.6,98.89,66.63,3.41,3.56,6.95
S0336,20.0,Female,7.81,6.22,50.21,75.29,64.37,9.07,3.25,6.13
S0337,18.0,Female,4.1,8.28,88.3,57.17,63.26,8.86,5.31,6.13
S0338,20.0,Female,3.87,8.82,68.06,74.25,65.52,3.73,3.37,6.44
S0339,22.0,Female,4.47,7.48,53.78,59.31,77.27,5.79,2.39,6.43
S0340,19.0,Male,3.95,5.74,79.74,82.1,62.71,4.14,3.0,5.86
S0341,18.0,Male,5.94,9.18,87.52,79.36,58.11,6.73,3.18,6.25
S0342,21.0,Male,1.59,6.16,76.54,89.37,61.63,6.52,0.49,6.21
S0343,21.0,Male,2.6,6.4,72.51,63.14,71.95,7.12,7.07,6.15
S0344,19.0,Male,2.58,7.21,76.09,75.51,81.94,6.16,3.78,6.76
S0345,19.0,Female,6.21,8.66,73.55,54.52,57.46,10.0,3.32,6.69
S0346,21.0,Male,7.58,7.82,61.82,85.52,66.19,3.44,3.92,6.26
S0347,17.0,Male,4.31,7.3,69.42,82.78,69.06,2.08,4.06,6.43
S0348,17.0,Male,4.2,7.36,84.26,82.44,53.09,4.71,2.79,7.13
S0349,18.0,Male,4.63,6.85,81.86,75.02,65.25,2.36,2.05,6.9
S0350,20.0,Male,6.59,7.47,80.02,81.22,47.41,2.52,3.9,6.86
S0351,21.0,Male,2.83,3.76,66.06,99.07,43.77,3.5,3.58,6.63
S0352,25.0,Male,4.93,6.44,75.82,70.72,69.4,3.66,1.79,6.5
S0353,23.0,Female,6.26,7.09,51.88,77.08,60.39,3.59,5.13,6.08
S0354,20.0,Female,5.4,5.42,80.14,58.71,67.43,6.54,3.44,6.34
S0355,20.0,Male,4.84,7.26,95.15,61.98,64.79,4.49,4.09,6.0
S0356,17.0,Female,6.3,6.55,60.31,76.47,53.28,5.14,5.09,5.88
S0357,20.0,Female,0.5,8.91,70.97,91.56,64.46,7.29,3.03,6.7
S0358,20.0,Female,5.72,8.69,81.95,71.16,50.2,3.97,3.48,6.64
S0359,21.0,Female,3.32,6.24,93.03,71.46,81.69,4.97,4.22,7.42
S0360,18.0,Male,1.2,6.62,72.62,68.9,48.73,6.23,1.91,5.47
S0361,22.0,Female,5.42,6.71,69.69,66.98,62.65,1.62,3.08,6.19
S0362,25.0,Female,6.97,6.26,54.37,79.42,52.49,1.0,3.19,6.68
S0363,20.0,Female,4.25,7.03,79.24,52.54,71.85,6.19,1.57,6.34
S0364,22.0,Male,6.22,5.89,100.0,94.21,61.02,6.48,6.48,7.26
S0365,23.0,Male,7.4,5.44,81.33,65.02,58.78,9.63,0.89,6.61
S0366,19.0,Male,6.87,7.55,77.73,85.83,75.24,5.82,1.05,8.02
S0367,21.0,Male,7.45,7.56,81.86,55.95,65.35,7.14,4.97,6.99
S0368,21.0,Male,5.84,5.83,77.87,85.03,71.2,5.11,4.07,6.47
S0369,21.0,Male,4.64,7.87,68.24,85.08,53.22,6.09,1.46,5.86
S0370,18.0,Male,1.62,6.04,87.88,80.76,48.14,8.83,3.91,6.15
S0371,21.0,Female,4.06,7.1,80.71,60.08,66.29,1.25,5.2,6.44
S0372,22.0,Female,2.98,7.78,78.21,78.74,61.17,6.33,2.95,6.25
S0373,25.0,Female,8.41,6.76,66.3,57.25,72.52,9.77,6.9,6.81
S0374,23.0,Male,4.18,7.35,93.64,71.21,64.04,6.06,0.41,7.02
S0375,27.0,Male,4.72,6.18,85.98,90.44,67.46,8.8,4.04,6.94
S0376,18.0,Male,5.49,6.56,71.36,86.95,45.52,4.24,4.75,6.42
S0377,23.0,Male,4.58,6.55,90.02,75.23,87.66,5.44,4.34,7.31
S0378,21.0,Male,7.55,5.9,72.03,60.38,63.03,5.57,2.69,7.11
S0379,27.0,Female,3.38,6.59,68.62,84.68,73.37,1.06,2.56,6.54
S0380,18.0,Female,4.85,4.94,68.88,75.29,54.97,3.16,3.67,6.37
S0381,18.0,Male,3.16,6.21,56.75,40.2,68.7,3.31,4.22,6.19
S0382,19.0,Male,2.12,6.46,83.66,86.74,49.37,7.14,3.9,5.53
S0383,17.0,Male,3.4,6.49,56.03,74.64,70.42,7.24,4.56,5.93
S0384,19.0,Male,4.43,6.51,63.26,93.04,60.73,6.15,1.47,6.95
S0385,18.0,Female,3.73,6.73,53.09,58.57,65.35,7.15,2.66,6.23
S0386,21.0,Male,3.25,7.38,76.97,27.35,73.38,5.17,1.59,6.04
S0387,22.0,Male,1.97,7.85,76.2,79.19,50.21,7.9,2.42,5.66
S0388,26.0,Male,4.35,6.02,74.08,79.37,56.79,5.52,4.52,6.6
S0389,23.0,Male,1.79,5.36,65.49,49.64,70.49,5.62,3.16,6.26
S0390,19.0,Female,5.87,5.55,63.93,60.32,90.18,4.97,6.91,6.29
S0391,18.0,Male,4.65,6.22,83.57,100.0,63.34,6.87,3.29,6.5
S0392,22.0,Male,1.88,6.38,71.39,70.42,72.09,4.66,3.09,6.45
S0393,17.0,Female,3.94,5.88,81.8,85.96,63.72,7.45,3.16,6.9
S0394,26.0,Female,3.15,5.24,67.38,65.24,88.31,3.24,2.04,6.73
S0395,24.0,Female,5.07,6.25,80.17,43.65,44.03,3.3,2.91,5.93
S0396,19.0,Male,6.91,7.02,93.64,72.45,66.14,6.87,4.69,6.76
S0397,17.0,Male,1.12,7.51,85.03,71.02,45.49,5.32,3.17,4.95
S0398,25.0,Female,4.71,6.13,73.05,69.0,34.92,4.59,1.81,5.42
S0399,20.0,Female,4.21,6.3,81.09,73.28,68.57,7.28,1.61,6.74
S0400,24.0,Female,5.71,5.69,75.11,78.96,66.67,4.29,2.32,6.69
S0401,17.0,Female,4.88,6.76,78.09,72.75,61.58,5.1,3.11,6.06
S0402,19.0,Female,3.15,5.78,74.09,56.04,63.73,8.3,4.79,5.12
S0403,21.0,Female,3.93,7.49,76.03,82.29,100.0,8.58,0.99,7.51
S0404,21.0,Male,3.07,4.66,80.55,45.76,61.9,8.64,2.52,6.17
S0405,19.0,Male,6.44,6.37,66.08,44.24,71.12,4.94,3.22,6.77
S0406,22.0,Male,4.54,7.16,65.81,86.09,57.21,7.96,0.25,6.86
S0407,17.0,Female,7.92,7.02,61.34,82.61,68.54,3.6,1.75,6.64
S0408,20.0,Female,4.39,10.0,58.8,74.14,62.14,3.69,1.98,5.92
S0409,21.0,Female,3.22,7.22,63.39,54.07,60.07,1.0,1.81,6.14
S0410,22.0,Female,1.78,5.6,79.91,64.38,86.83,8.85,3.29,6.95
S0411,23.0,Female,1.25,6.69,67.29,71.06,79.13,3.77,2.76,6.65
S0412,17.0,Female,1.65,4.67,84.16,51.06,66.64,5.25,2.17,5.28
S0413,17.0,Male,4.98,6.7,78.42,63.91,37.35,3.68,3.64,5.34
S0414,24.0,Male,5.42,5.8,54.38,84.78,60.67,6.89,5.58,6.01
S0415,21.0,Female,1.65,7.9,85.86,96.41,97.44,4.75,5.46,7.93
S0416,18.0,Male,6.11,6.14,87.73,68.71,62.23,2.89,0.12,7.28
S0417,25.0,Female,3.63,6.66,66.07,86.35,78.24,6.38,3.87,6.83
S0418,21.0,Male,4.76,6.04,83.04,46.29,82.3,2.63,2.73,7.02
S0419,24.0,Female,7.4,8.89,67.72,84.89,67.63,3.83,3.23,7.1
S0420,21.0,Female,6.11,6.41,79.17,62.94,54.9,1.29,2.4,6.72
S0421,27.0,Male,4.02,9.0,62.83,79.61,35.78,2.65,3.18,5.76
S0422,26.0,Male,2.9,7.78,56.48,71.28,73.21,5.86,3.23,6.26
S0423,20.0,Female,0.63,7.38,73.41,94.81,55.22,1.57,2.13,6.22
S0424,23.0,Female,3.21,7.24,76.52,61.88,67.11,2.54,1.66,6.53
S0425,22.0,Male,4.12,7.27,73.23,84.41,50.0,5.5,2.33,6.42
S0426,25.0,Male,2.72,4.49,63.79,70.81,61.82,4.41,3.35,6.0
S0427,18.0,Female,4.26,6.47,73.2,72.63,65.4,9.48,3.9,6.44
S0428,23.0,Male,4.64,7.81,81.23,72.24,68.22,9.17,4.28,7.16
S0429,24.0,Female,4.1,6.74,77.46,62.31,51.62,3.76,2.26,6.16
S0430,17.0,Female,3.33,5.11,80.19,74.79,79.36,6.61,3.43,6.57
S0431,17.0,Female,4.8,6.74,69.96,74.06,57.84,7.0,4.44,6.48
S0432,17.0,Female,5.3,8.84,92.06,78.62,44.91,4.31,4.75,5.93
S0433,20.0,Male,2.54,8.3,63.89,76.27,63.69,2.51,2.91,5.85
S0434,23.0,Male,7.04,6.73,83.85,86.97,65.41,5.48,2.67,7.32
S0435,25.0,Male,4.32,7.94,92.18,88.85,66.93,5.15,3.29,7.4
S0436,21.0,Male,4.53,6.36,83.77,59.24,81.35,4.63,1.28,6.58
S0437,25.0,Male,5.77,4.76,75.57,88.03,62.16,6.38,2.71,6.53
S0438,17.0,Male,4.92,5.69,71.66,57.2,63.56,4.0,4.12,5.91
S0439,17.0,Male,6.22,8.68,90.43,83.82,51.76,3.2,3.96,6.69
S0440,20.0,Female,5.02,6.47,60.92,84.3,74.85,5.72,2.59,7.13
S0441,22.0,Male,3.4,6.51,66.36,46.33,67.21,6.27,3.33,6.13
S0442,20.0,Male,5.15,6.44,73.23,76.39,59.96,3.15,1.76,6.56
S0443,17.0,Female,2.44,9.08,92.85,67.97,42.14,7.36,4.06,5.7
S0444,20.0,Male,4.7,8.75,82.56,63.62,82.33,1.96,2.88,6.74
S0445,17.0,Male,4.44,9.46,66.38,95.26,50.27,4.34,2.59,6.99
S0446,23.0,Female,4.13,6.61,74.28,65.19,57.9,4.98,2.46,6.41
S0447,22.0,Male,4.27,7.15,70.63,62.9,69.3,4.23,2.91,6.16
S0448,18.0,Male,1.11,4.98,69.48,76.14,50.64,4.37,2.33,5.95
S0449,19.0,Male,3.51,8.57,89.75,85.28,47.08,9.24,3.99,6.26
S0450,17.0,Female,4.67,5.4,61.54,72.88,39.51,3.8,2.41,5.4
S0451,20.0,Male,4.79,7.06,97.31,92.5,73.65,10.0,5.39,7.48
S0452,23.0,Male,2.65,5.48,87.94,82.96,58.46,6.37,5.2,6.05
S0453,18.0,Female,6.78,6.09,91.09,42.33,100.0,5.68,1.66,7.55
S0454,22.0,Male,2.94,5.8,72.44,67.06,53.07,6.45,3.1,5.83
S0455,19.0,Female,6.25,6.07,76.2,66.57,53.94,10.0,2.02,5.97
S0456,18.0,Female,5.27,6.15,60.8,82.19,58.22,3.51,2.51,6.57
S0457,20.0,Male,3.34,6.14,71.7,35.63,67.92,3.26,6.0,6.5
S0458,17.0,Female,7.7,7.8,83.92,100.0,59.36,3.99,2.54,7.07
S0459,19.0,Female,2.35,5.47,93.55,82.97,72.35,5.56,3.54,6.28
S0460,17.0,Male,6.15,7.06,64.71,77.23,53.26,2.05,3.81,5.47
S0461,26.0,Female,6.3,8.26,73.61,92.72,48.42,5.54,1.5,6.56
S0462,21.0,Female,3.29,6.18,76.18,100.0,43.42,8.89,1.72,5.85
S0463,18.0,Male,7.01,5.94,61.25,88.06,38.32,5.8,1.19,6.04
S0464,21.0,Male,4.05,6.52,85.1,89.23,58.78,4.91,1.67,6.86
S0465,20.0,Male,5.02,8.22,69.31,76.96,61.39,4.26,0.0,6.03
S0466,20.0,Female,4.97,7.03,75.66,72.88,57.42,7.3,3.82,5.54
S0467,22.0,Male,4.26,6.16,72.58,67.86,79.92,3.85,6.08,6.8
S0468,23.0,Female,5.96,7.38,68.53,62.61,79.74,9.19,3.22,6.78
S0469,19.0,Female,5.93,5.48,77.92,64.69,60.98,9.37,0.88,6.23
S0470,19.0,Female,1.35,7.62,75.41,54.74,43.47,6.01,2.04,4.7
S0471,20.0,Female,6.85,7.29,73.54,73.86,58.2,5.48,2.31,6.78
S0472,17.0,Female,1.51,6.43,69.26,49.73,57.8,7.56,1.47,6.05
S0473,17.0,Female,6.36,5.79,81.83,77.86,57.11,7.69,4.29,6.61
S0474,25.0,Female,6.53,5.74,97.84,74.46,56.63,3.89,4.22,6.55
S0475,25.0,Male,2.54,7.44,79.68,77.2,57.16,4.45,1.27,6.41
S0476,20.0,Male,3.76,8.27,89.95,67.17,60.36,2.86,4.09,6.07
S0477,22.0,Female,2.51,6.04,61.32,100.0,57.37,6.32,5.29,6.47
S0478,21.0,Female,4.11,7.35,79.89,95.4,67.5,6.83,5.85,6.87
S0479,30.0,Male,3.95,4.3,64.83,56.33,69.32,2.8,7.3,5.17
S0480,24.0,Female,5.9,6.1,60.28,78.49,54.07,4.59,1.65,6.06
S0481,20.0,Male,6.86,6.76,69.13,65.88,80.25,2.81,7.24,7.04
S0482,18.0,Male,7.01,5.71,92.3,59.78,53.24,3.7,2.47,6.46
S0483,17.0,Male,3.49,5.68,89.4,54.9,45.59,6.6,2.11,5.7
S0484,21.0,Female,4.12,6.0,80.92,81.48,69.57,4.03,3.49,6.35
S0485,18.0,Female,1.47,7.15,59.61,64.78,55.19,4.9,2.13,5.8
S0486,17.0,Male,3.05,6.58,75.64,89.52,68.86,2.25,3.6,6.55
S0487,19.0,Male,6.24,4.11,81.62,89.91,36.16,5.87,1.02,5.31
S0488,17.0,Male,7.41,4.26,80.11,95.61,81.71,5.41,2.64,7.5
S0489,26.0,Male,2.28,6.07,55.87,62.21,73.07,4.04,4.93,6.3
S0490,23.0,Male,3.43,7.35,67.32,82.13,46.99,5.12,2.91,5.74
S0491,20.0,Female,4.45,3.5,77.23,84.49,47.25,5.86,3.21,6.71
S0492,25.0,Male,5.0,6.2,84.44,67.89,85.07,3.87,3.71,7.44
S0493,21.0,Female,3.04,6.17,51.65,63.42,56.15,2.55,4.76,5.6
S0494,18.0,Male,5.26,8.47,76.05,99.14,54.99,9.11,0.52,6.76
S0495,25.0,Female,3.65,6.34,79.72,78.41,37.81,4.23,3.88,5.74
S0496,22.0,Female,4.47,7.26,88.2,84.54,60.79,5.31,2.6,6.77
S0497,17.0,Female,5.48,6.97,86.31,62.67,62.27,7.52,3.25,6.42
S0498,20.0,Female,4.51,4.24,84.99,56.71,73.59,10.0,4.59,6.6
S0499,18.0,Female,3.71,7.72,68.4,66.46,48.21,3.01,1.21,5.54
S0500,17.0,Female,4.3,7.06,55.1,73.14,46.76,6.4,1.48,5.19
S0501,23.0,Male,4.34,7.41,73.28,59.04,70.41,4.08,0.1,6.19
S0502,26.0,Female,3.83,10.0,90.02,74.85,77.08,4.42,2.18,8.2
S0503,17.0,Male,4.03,4.3,94.72,49.67,46.15,4.06,5.0,5.98
S0504,22.0,Female,7.38,8.87,86.53,58.2,77.98,3.25,2.82,7.51
S0505,19.0,Female,5.51,6.46,83.15,85.06,65.45,5.42,0.99,6.64
S0506,19.0,Male,3.97,7.14,82.56,84.06,78.1,2.55,2.27,7.57
S0507,19.0,Female,5.75,6.75,71.33,69.12,64.16,7.39,0.77,6.49
S0508,18.0,Male,3.9,6.29,76.44,59.73,34.73,5.61,1.31,5.52
S0509,21.0,Male,6.61,6.12,98.03,59.59,63.18,6.34,3.58,6.46
S0510,18.0,Male,5.17,7.2,66.69,69.4,77.72,4.57,1.24,6.95
S0511,21.0,Male,4.31,4.98,97.38,84.67,54.28,4.77,4.67,6.48
S0512,20.0,Female,5.31,7.7,74.14,88.92,60.34,6.08,2.89,6.41
S0513,20.0,Female,1.67,6.3,93.91,67.55,62.89,3.17,3.13,6.8
S0514,18.0,Male,2.47,5.44,61.12,57.7,30.21,4.78,2.58,4.13
S0515,19.0,Female,2.35,6.26,85.03,79.02,85.06,3.78,4.16,7.39
S0516,23.0,Female,4.76,8.31,69.16,62.65,54.18,3.72,4.17,6.29
S0517,22.0,Male,7.62,6.16,61.02,67.23,71.07,1.28,3.5,6.37
S0518,18.0,Female,8.52,7.23,80.62,94.88,63.96,8.18,3.85,6.9
S0519,21.0,Male,5.65,5.92,90.11,87.41,80.09,4.13,2.68,7.53
S0520,23.0,Male,5.4,7.71,67.86,77.37,69.87,7.83,3.81,6.73
S0521,17.0,Female,1.26,7.62,60.01,55.92,62.18,7.64,2.49,5.5
S0522,22.0,Female,3.52,9.02,76.9,78.17,54.28,2.93,3.0,6.58
S0523,19.0,Female,3.08,6.59,76.95,90.94,74.57,3.32,2.59,7.75
S0524,22.0,Male,3.38,7.6,84.58,69.37,42.52,10.0,2.31,5.61
S0525,18.0,Male,4.2,6.92,89.4,95.27,72.75,9.0,1.97,6.61
S0526,17.0,Female,3.65,8.36,77.29,94.39,51.81,5.44,3.7,6.78
S0527,17.0,Female,0.94,5.94,100.0,99.96,80.03,6.01,4.97,8.04
S0528,21.0,Female,5.85,7.69,80.69,79.58,66.94,4.24,4.76,7.08
S0529,21.0,Female,2.57,6.57,73.84,83.81,72.73,6.36,1.12,6.32
S0530,18.0,Male,4.93,6.72,58.66,96.21,65.98,4.07,4.93,6.51
S0531,22.0,Female,8.23,6.91,74.85,81.71,43.97,1.44,2.52,6.09
S0532,17.0,Male,2.85,7.1,73.96,67.48,54.67,2.86,3.9,6.25
S0533,20.0,Male,0.5,6.66,89.52,68.27,73.07,5.54,1.64,6.1
S0534,17.0,Female,3.99,7.06,83.55,78.58,67.0,3.24,3.21,6.73
S0535,19.0,Female,6.48,8.69,63.85,55.64,79.17,5.37,3.47,6.33
S0536,21.0,Female,8.03,7.98,80.07,72.85,69.84,3.35,0.77,7.4
S0537,18.0,Male,2.29,7.84,86.06,91.45,53.4,3.94,3.91,6.36
S0538,19.0,Female,5.39,6.25,96.34,42.13,55.45,7.21,5.02,6.18
S0539,24.0,Female,3.66,5.73,88.65,98.02,66.24,5.99,2.74,7.08
S0540,19.0,Male,4.31,7.95,87.13,91.84,37.23,5.48,5.04,5.75
S0541,23.0,Female,9.26,7.85,78.72,68.1,85.08,7.26,2.72,7.86
S0542,17.0,Male,1.79,8.57,82.66,83.15,70.3,6.46,4.27,6.69
S0543,22.0,Female,4.96,6.08,92.99,75.05,79.72,8.39,0.0,7.03
S0544,25.0,Male,5.34,6.52,62.01,93.45,46.03,4.58,6.63,6.81
S0545,17.0,Female,6.45,4.83,73.81,89.74,79.93,4.64,5.24,7.4
S0546,18.0,Female,4.68,6.33,68.73,54.0,91.78,2.9,2.57,6.95
S0547,22.0,Male,5.05,8.0,82.55,83.81,49.15,4.64,0.04,7.21
S0548,20.0,Male,3.8,6.24,92.76,71.92,74.26,7.43,3.43,7.7
S0549,22.0,Female,4.98,7.57,70.84,76.24,65.01,8.1,0.83,6.54
S0550,19.0,Male,3.88,6.57,49.32,64.08,46.47,7.42,3.67,5.29
S0551,21.0,Male,5.62,7.19,73.05,100.0,70.91,1.91,3.62,6.88
S0552,20.0,Male,3.83,5.42,88.96,90.6,75.0,7.67,1.59,7.17
S0553,24.0,Male,5.18,6.9,84.45,63.9,57.79,1.82,4.68,6.38
S0554,21.0,Female,4.45,3.21,83.14,54.98,78.99,7.3,4.21,6.61
S0555,22.0,Female,6.53,6.58,74.64,69.21,45.0,4.76,4.46,6.13
S0556,19.0,Male,4.41,4.84,62.65,81.52,47.06,6.91,3.01,5.94
S0557,19.0,Male,1.31,8.25,84.18,78.6,66.64,2.84,0.88,6.87
S0558,19.0,Male,6.77,7.73,67.99,93.8,65.3,7.84,4.47,6.35
S0559,22.0,Male,2.87,7.36,100.0,86.85,56.4,2.57,2.59,6.57
S0560,19.0,Female,3.32,8.63,84.85,89.54,74.72,4.16,0.92,7.16
S0561,21.0,Female,3.43,5.66,71.03,79.9,71.37,3.5,5.03,6.42
S0562,27.0,Male,6.97,8.9,70.66,54.16,75.3,1.99,6.15,7.18
S0563,23.0,Male,0.66,7.92,76.88,72.06,63.52,5.69,2.94,5.7
S0564,20.0,Male,10.15,6.52,75.13,90.9,72.23,9.11,6.24,7.15
S0565,24.0,Female,6.4,8.16,91.4,74.23,59.65,10.0,3.14,7.2
S0566,19.0,Male,4.9,5.47,80.24,82.55,89.65,5.69,2.43,7.38
S0567,17.0,Female,4.4,5.81,69.22,70.22,55.25,7.73,2.05,6.18
S0568,17.0,Male,5.01,6.07,100.0,59.55,90.26,5.96,5.46,7.4
S0569,17.0,Female,5.44,6.17,78.59,73.15,65.42,6.5,1.83,6.8
S0570,19.0,Male,5.66,5.53,87.23,79.64,48.49,4.82,4.1,6.3
S0571,21.0,Female,5.5,8.27,70.7,65.16,81.42,5.89,2.16,7.28
S0572,26.0,Male,4.66,6.49,82.36,71.46,66.51,6.57,2.31,6.07
S0573,21.0,Male,4.14,7.22,81.73,60.91,75.21,4.34,4.55,6.58
S0574,20.0,Male,4.23,6.12,55.32,91.79,79.69,5.35,2.43,6.94
S0575,23.0,Female,4.15,4.62,100.0,70.58,69.06,5.38,2.39,7.21
S0576,17.0,Male,6.54,7.12,93.49,96.79,57.89,7.15,4.7,7.72
S0577,21.0,Female,5.57,4.51,73.23,97.93,76.71,3.37,5.4,6.99
S0578,23.0,Female,0.5,6.72,64.77,73.78,65.01,5.4,3.97,6.47
S0579,17.0,Male,5.68,5.16,82.17,59.87,73.23,9.32,2.02,6.42
S0580,24.0,Male,4.85,9.18,79.04,43.71,39.16,7.83,2.23,6.04
S0581,22.0,Male,4.47,7.89,82.27,52.92,70.36,8.2,3.12,6.82
S0582,19.0,Female,3.8,6.93,80.3,54.39,57.34,5.55,3.48,5.66
S0583,22.0,Male,6.52,8.32,84.07,95.68,84.84,6.14,1.52,8.09
S0584,27.0,Female,6.21,5.78,95.37,76.74,72.48,7.5,4.08,7.19
S0585,21.0,Female,3.11,7.45,84.82,80.84,67.88,8.62,3.13,6.96
S0586,21.0,Male,5.23,7.04,65.4,41.69,70.84,1.6,0.43,6.28
S0587,19.0,Male,2.75,7.12,94.35,57.03,53.02,2.87,1.61,6.17
S0588,18.0,Male,2.02,8.33,97.69,88.31,84.48,8.12,2.24,8.12
S0589,23.0,Male,3.37,7.68,100.0,79.3,88.9,4.95,2.89,7.75
S0590,18.0,Male,6.05,7.15,64.52,72.79,69.71,4.16,5.83,6.85
S0591,21.0,Male,6.22,4.81,80.91,83.47,84.08,2.99,3.36,7.41
S0592,19.0,Female,5.42,5.65,53.01,99.54,58.17,4.39,1.74,7.07
S0593,22.0,Female,5.81,6.65,84.64,71.68,55.43,2.7,3.33,6.33
S0594,22.0,Female,5.43,6.91,71.42,76.04,65.49,9.68,2.47,6.26
S0595,24.0,Male,3.35,5.44,100.0,77.89,70.22,5.46,3.49,7.65
S0596,19.0,Female,5.28,9.69,68.7,100.0,60.27,5.38,3.87,6.66
S0597,20.0,Female,5.94,8.62,57.73,43.51,71.45,6.68,4.81,6.68
S0598,18.0,Female,5.86,7.52,72.34,85.25,68.68,7.42,2.96,7.23
S0599,19.0,Female,6.64,6.89,54.29,73.28,53.02,7.39,5.46,5.73
S0600,22.0,Female,5.77,6.55,87.01,83.5,71.23,7.65,4.36,6.36
S0601,23.0,Male,5.13,5.66,53.22,65.14,75.36,4.24,1.94,6.37
S0602,18.0,Male,6.43,6.89,78.34,74.27,67.06,4.9,6.31,6.76
S0603,23.0,Female,4.45,7.11,53.07,85.67,78.83,7.04,3.49,7.09
S0604,25.0,Female,2.91,5.31,74.16,100.0,50.39,4.45,1.75,6.97
S0605,22.0,Female,4.21,7.2,97.72,87.12,70.62,5.49,5.48,6.95
S0606,26.0,Male,3.16,6.61,82.33,62.28,50.96,6.3,6.12,6.08
S0607,18.0,Male,3.28,4.51,67.64,68.64,51.63,7.07,2.95,5.93
S0608,17.0,Female,4.24,5.77,77.63,68.2,57.43,1.94,2.24,6.77
S0609,17.0,Male,3.07,6.3,78.22,48.07,53.7,6.93,2.74,5.87
S0610,25.0,Male,3.95,9.07,83.67,70.05,58.42,5.03,4.07,5.69
S0611,22.0,Female,1.09,7.47,61.6,85.99,62.43,6.91,4.92,5.86
S0612,20.0,Male,4.88,5.2,85.11,55.89,75.05,7.05,3.86,6.17
S0613,21.0,Male,4.5,7.38,45.55,90.73,61.15,8.72,3.15,5.93
S0614,17.0,Female,3.03,4.94,70.44,82.32,45.97,8.21,5.25,5.96
S0615,28.0,Male,5.69,8.1,72.14,63.99,78.68,8.19,2.53,6.99
S0616,21.0,Male,6.19,6.23,85.6,72.88,54.95,8.39,4.55,6.86
S0617,21.0,Female,1.61,6.69,78.27,98.97,64.3,6.08,2.57,6.8
S0618,23.0,Male,3.13,8.39,61.13,86.0,70.36,5.56,3.65,5.99
S0619,22.0,Male,3.12,5.26,66.18,75.13,67.4,7.25,2.83,5.18
S0620,21.0,Female,2.81,5.12,80.38,71.43,78.13,6.96,2.92,6.76
S0621,18.0,Female,5.99,6.1,77.05,76.15,70.75,4.88,2.43,6.86
S0622,22.0,Female,4.15,8.05,71.05,67.32,54.66,6.31,5.02,5.56
S0623,26.0,Male,4.02,4.98,72.23,43.43,91.14,5.43,1.9,6.04
S0624,25.0,Female,0.89,3.4,86.35,100.0,67.33,3.79,1.89,6.5
S0625,25.0,Male,5.64,6.26,71.79,77.33,63.23,8.08,6.18,6.24
S0626,19.0,Female,2.27,7.46,76.94,80.97,76.57,5.61,4.47,7.03
S0627,18.0,Male,4.61,8.24,100.0,74.13,67.99,9.6,0.0,7.31
S0628,20.0,Female,5.0,6.24,60.92,63.97,69.79,2.25,2.15,7.05
S0629,21.0,Female,6.95,6.31,55.78,72.21,94.91,4.39,0.28,7.0
S0630,24.0,Female,2.14,8.18,87.4,51.01,61.7,5.57,1.57,6.59
S0631,17.0,Female,0.5,4.56,69.86,100.0,61.19,7.77,0.0,6.3
S0632,25.0,Male,4.83,6.33,74.18,56.48,66.4,6.3,2.79,6.57
S0633,20.0,Female,7.74,7.03,68.63,59.52,77.86,6.12,1.29,6.8
S0634,19.0,Female,6.73,7.34,74.88,68.4,46.92,3.25,3.09,6.65
S0635,17.0,Male,4.88,6.19,97.18,94.32,41.41,3.19,0.56,6.89
S0636,17.0,Female,3.62,6.84,87.63,75.22,57.95,6.15,3.12,6.21
S0637,23.0,Male,5.95,3.81,88.35,56.46,45.39,2.77,2.38,6.05
S0638,21.0,Female,2.75,6.01,61.01,93.82,59.9,4.44,5.25,6.01
S0639,17.0,Female,5.36,7.34,64.19,85.97,71.03,6.5,5.12,6.85
S0640,17.0,Female,5.41,5.62,43.93,83.08,54.31,3.54,4.18,5.29
S0641,19.0,Male,6.41,6.87,68.29,85.74,47.88,8.71,2.51,6.17
S0642,26.0,Female,9.47,7.34,89.48,100.0,65.83,7.95,5.98,7.7
S0643,20.0,Female,5.21,6.39,84.2,100.0,75.35,2.36,0.67,7.69
S0644,17.0,Female,3.58,7.0,75.34,64.7,44.66,3.64,0.89,6.41
S0645,20.0,Male,4.45,5.64,77.73,99.36,74.84,1.0,2.87,7.65
S0646,20.0,Male,1.32,6.55,69.73,80.75,74.81,3.93,6.38,6.37
S0647,17.0,Female,3.25,7.53,80.46,82.49,76.45,7.03,2.7,7.08
S0648,20.0,Male,3.76,6.99,87.19,49.62,79.62,4.67,2.73,6.94
S0649,20.0,Female,3.56,6.1,58.61,72.44,91.42,6.42,0.84,7.09
S0650,23.0,Female,4.77,7.07,81.6,62.81,60.73,2.46,4.42,5.7
S0651,26.0,Female,3.02,7.66,89.19,87.42,66.31,7.1,4.43,6.71
S0652,24.0,Female,6.52,4.34,73.02,91.07,60.0,4.39,4.18,6.06
S0653,20.0,Female,4.5,8.19,86.41,43.88,65.02,5.52,2.06,6.94
S0654,17.0,Female,4.48,6.4,100.0,74.67,83.39,5.31,1.94,7.61
S0655,28.0,Female,3.91,7.31,76.75,91.83,48.86,2.96,1.06,6.42
S0656,21.0,Male,4.78,8.24,82.72,72.2,54.67,3.19,3.13,6.87
S0657,21.0,Male,5.99,5.15,69.14,85.94,81.53,7.44,1.38,7.35
S0658,20.0,Male,2.94,5.95,80.18,80.27,77.24,6.3,1.23,6.51
S0659,21.0,Male,3.32,6.45,83.52,80.12,60.64,7.6,2.36,6.47
S0660,20.0,Male,3.95,5.86,80.34,70.93,75.25,6.15,2.27,6.68
S0661,19.0,Male,2.08,8.88,65.76,56.75,69.09,5.79,2.19,5.41
S0662,19.0,Male,3.03,5.77,80.48,58.18,83.0,2.05,3.7,6.54
S0663,20.0,Female,3.64,6.13,95.55,85.64,65.89,4.96,3.12,6.97
S0664,19.0,Female,6.07,7.05,83.38,75.29,77.31,5.45,2.57,7.24
S0665,18.0,Female,4.97,5.36,89.54,72.92,96.7,9.41,3.27,7.01
S0666,21.0,Female,4.85,6.33,75.16,68.64,72.18,6.87,1.51,7.18
S0667,20.0,Male,6.03,7.18,87.0,70.42,65.59,8.57,3.16,6.77
S0668,25.0,Male,4.25,6.4,81.35,90.7,73.67,6.7,3.23,7.1
S0669,17.0,Female,5.2,6.69,66.59,69.97,60.62,4.08,0.75,6.56
S0670,24.0,Female,4.31,6.16,81.82,54.88,93.66,5.73,4.49,6.8
S0671,24.0,Male,4.98,4.98,66.1,86.15,67.16,5.97,1.68,6.8
S0672,17.0,Female,3.45,7.19,70.41,71.93,61.72,3.62,3.14,6.13
S0673,19.0,Female,0.5,8.91,80.27,75.47,54.97,4.73,4.75,5.64
S0674,19.0,Female,4.26,6.82,81.57,99.11,78.17,5.09,4.39,7.59
S0675,17.0,Female,7.06,7.07,63.73,74.69,75.41,8.71,3.05,7.4
S0676,18.0,Male,6.17,7.63,90.65,79.34,59.03,1.34,2.46,7.4
S0677,17.0,Female,6.24,5.28,84.86,57.32,71.92,7.91,4.42,7.01
S0678,26.0,Female,6.73,8.84,69.54,71.7,46.9,3.63,4.01,5.97
S0679,23.0,Male,4.66,7.04,59.55,84.14,67.22,2.76,2.07,5.96
S0680,24.0,Male,4.86,8.76,76.26,51.67,70.43,7.86,1.81,7.11
S0681,23.0,Female,3.39,5.92,72.65,78.01,85.49,6.96,0.0,7.94
S0682,17.0,Male,3.93,8.98,79.36,76.51,55.75,8.01,3.23,6.96
S0683,19.0,Female,5.61,7.73,73.64,75.62,49.66,7.1,2.88,6.05
S0684,22.0,Female,6.67,7.46,53.91,90.56,54.25,9.62,4.7,5.62
S0685,17.0,Male,4.25,7.08,73.34,80.02,48.96,6.62,3.54,5.61
S0686,23.0,Female,3.69,6.5,74.33,97.17,81.04,5.19,5.0,6.49
S0687,20.0,Female,4.5,8.24,85.6,60.1,83.58,6.19,1.95,7.16
S0688,19.0,Female,5.58,6.97,69.62,77.04,68.84,7.99,4.71,7.19
S0689,23.0,Female,1.9,4.44,98.14,76.27,79.66,3.94,2.21,7.12
S0690,22.0,Male,0.5,5.46,55.06,58.96,66.61,4.2,4.17,5.59
S0691,19.0,Male,3.51,6.58,93.73,89.34,63.86,4.88,0.81,7.67
S0692,24.0,Female,2.3,7.17,75.31,100.0,61.0,1.29,3.35,6.56
S0693,17.0,Male,3.59,6.73,88.32,74.74,61.28,5.78,0.02,7.56
S0694,22.0,Female,4.23,8.26,78.96,82.58,46.43,1.73,2.6,7.16
S0695,22.0,Female,3.68,4.46,91.67,76.27,68.17,5.61,3.66,6.71
S0696,20.0,Female,7.11,6.97,73.35,64.3,64.52,7.23,2.22,6.37
S0697,21.0,Female,5.09,4.62,64.82,47.69,73.94,4.55,1.42,6.54
S0698,17.0,Female,5.04,7.71,95.05,64.41,66.12,8.85,4.27,6.62
S0699,23.0,Male,5.62,6.69,76.64,54.12,63.05,2.58,2.84,5.95
S0700,20.0,Female,2.45,7.3,80.66,100.0,54.55,7.88,2.27,7.02
S0701,19.0,Male,6.37,5.76,92.82,73.27,65.87,6.85,3.06,7.48
S0702,24.0,Male,4.36,8.34,65.62,69.81,73.86,2.07,6.96,6.58
S0703,18.0,Female,5.71,8.05,85.15,88.34,51.28,10.0,4.73,6.0
S0704,17.0,Female,2.57,7.5,70.92,58.17,66.05,5.37,4.74,5.51
S0705,17.0,Female,1.7,6.64,76.41,63.5,67.8,3.75,3.65,6.27
S0706,22.0,Female,5.97,7.5,78.87,76.02,56.38,2.69,3.25,6.44
S0707,17.0,Female,5.18,5.95,60.0,90.43,57.95,5.06,0.0,6.32
S0708,26.0,Male,2.88,7.83,68.65,82.53,67.77,5.25,1.98,6.98
S0709,17.0,Female,2.93,8.78,94.21,78.72,51.4,5.71,2.28,6.85
S0710,26.0,Female,6.53,8.08,88.63,76.17,69.2,4.9,0.19,7.94
S0711,21.0,Male,2.36,5.92,77.25,81.0,54.26,6.77,1.26,5.76
S0712,20.0,Male,7.46,7.23,80.92,78.02,77.75,4.72,0.03,7.45
S0713,19.0,Female,2.88,5.25,74.47,59.55,93.05,1.63,2.94,7.33
S0714,22.0,Male,5.65,7.49,94.28,75.69,54.67,5.2,4.23,6.91
S0715,20.0,Female,3.91,7.34,75.6,58.89,71.41,1.0,4.66,7.15
S0716,24.0,Male,5.59,4.56,80.78,76.22,56.28,6.21,3.62,6.53
S0717,21.0,Male,3.52,5.41,91.75,67.79,77.49,3.54,1.55,7.85
S0718,21.0,Female,4.21,6.46,68.67,100.0,49.82,5.83,0.1,6.65
S0719,19.0,Male,4.57,6.44,96.71,74.4,70.77,8.13,0.36,7.62
S0720,20.0,Male,2.7,5.35,59.63,53.94,54.52,3.6,1.1,5.38
S0721,21.0,Male,5.83,7.27,97.56,72.99,62.52,7.62,1.67,7.06
S0722,17.0,Male,3.58,7.1,73.53,82.79,52.63,4.63,2.76,6.59
S0723,17.0,Male,4.09,6.57,75.09,100.0,74.87,9.01,1.48,7.79
S0724,23.0,Male,2.71,5.89,55.32,66.16,54.96,4.77,3.51,5.79
S0725,21.0,Female,0.5,8.06,72.54,51.26,71.62,3.82,2.65,6.04
S0726,20.0,Female,4.16,8.79,65.52,87.25,60.87,6.87,3.02,6.99
S0727,21.0,Male,8.84,6.22,70.71,54.29,63.63,4.63,4.71,5.58
S0728,22.0,Female,5.91,6.07,76.35,68.46,66.77,3.82,1.23,6.21
S0729,19.0,Female,4.47,7.39,89.49,71.14,55.86,4.54,3.63,6.8
S0730,18.0,Female,4.03,6.37,80.49,73.96,67.52,5.41,2.98,6.66
S0731,21.0,Male,4.54,6.63,81.69,85.34,83.36,8.18,2.5,7.57
S0732,18.0,Female,5.48,7.69,64.85,64.75,55.66,1.63,4.33,6.13
S0733,22.0,Male,2.37,4.51,67.43,70.89,79.06,5.55,4.32,6.59
S0734,17.0,Female,6.51,8.38,99.58,74.79,82.98,6.75,1.58,7.57
S0735,24.0,Male,5.79,6.89,69.18,77.24,55.21,5.89,2.73,6.54
S0736,22.0,Male,5.79,6.31,97.87,76.47,47.54,8.12,3.42,6.91
S0737,21.0,Female,5.29,6.69,75.08,81.54,68.62,5.35,2.59,7.35
S0738,23.0,Female,4.54,6.75,78.03,87.66,58.43,5.13,3.88,7.38
S0739,25.0,Male,5.71,4.72,90.84,80.89,87.42,6.68,3.42,7.69
S0740,24.0,Female,5.57,8.59,93.26,81.8,65.42,5.7,5.75,7.19
S0741,17.0,Female,3.86,6.85,76.67,51.27,55.37,4.72,0.7,5.41
S0742,17.0,Female,3.47,7.33,73.34,75.75,51.23,6.53,2.82,5.8
S0743,19.0,Male,4.68,7.94,77.33,82.19,78.08,4.19,1.64,7.2
S0744,21.0,Male,7.29,5.57,82.06,85.93,58.15,4.28,3.91,7.28
S0745,22.0,Female,2.27,7.37,88.7,64.61,65.53,4.44,0.57,6.4
S0746,18.0,Female,1.86,6.48,78.05,65.11,76.47,8.21,3.52,6.74
S0747,21.0,Female,4.8,7.82,85.43,66.39,59.19,1.0,2.05,6.72
S0748,18.0,Male,4.59,4.25,97.66,83.05,64.45,6.29,1.9,6.95
S0749,19.0,Male,4.81,6.68,82.58,90.51,64.8,5.57,0.83,7.16
S0750,17.0,Female,4.94,6.08,81.74,68.89,73.2,2.14,2.3,6.83
S0751,18.0,Female,4.1,7.32,59.77,88.62,72.09,6.12,4.63,6.38
S0752,17.0,Female,7.18,7.36,46.43,76.85,62.36,6.45,2.96,5.51
S0753,18.0,Female,1.62,5.95,82.66,73.14,65.76,6.68,3.94,6.19
S0754,24.0,Female,3.01,5.95,76.86,71.83,60.54,1.0,5.5,6.03
S0755,18.0,Female,4.31,6.67,71.82,86.2,47.27,8.23,3.4,5.79
S0756,28.0,Male,1.54,5.72,80.92,79.88,68.09,4.02,2.16,6.74
S0757,22.0,Female,4.18,7.81,77.28,100.0,87.71,6.87,3.7,7.86
S0758,21.0,Male,7.49,6.36,91.53,62.22,54.4,6.98,2.18,6.74
S0759,18.0,Female,4.54,3.31,79.03,82.77,55.72,3.75,2.24,6.79
S0760,23.0,Female,4.92,6.35,69.04,67.06,54.55,6.82,0.72,6.32
S0761,19.0,Male,2.23,5.55,89.88,61.96,73.7,4.73,4.39,6.46
S0762,21.0,Male,3.39,4.84,75.39,74.84,70.38,1.36,2.42,6.48
S0763,28.0,Male,3.82,5.32,84.32,77.06,63.1,7.84,3.27,6.61
S0764,20.0,Male,3.93,6.93,72.27,100.0,53.98,3.95,1.45,6.84
S0765,24.0,Female,6.81,8.39,70.2,72.24,66.11,3.79,3.65,7.33
S0766,18.0,Male,5.5,7.18,79.01,58.05,46.22,4.69,1.86,6.49
S0767,20.0,Female,2.5,6.07,78.15,79.1,66.72,6.04,2.79,6.27
S0768,26.0,Male,4.94,7.35,83.76,43.88,75.46,5.39,4.32,6.54
S0769,19.0,Female,5.4,6.25,74.78,73.62,49.99,6.6,4.19,6.31
S0770,26.0,Female,6.55,5.97,55.96,75.24,46.61,2.82,2.97,6.29
S0771,23.0,Female,7.34,5.41,72.81,86.92,83.95,4.02,0.35,8.02
S0772,19.0,Female,2.67,4.7,87.53,89.6,57.66,5.27,7.49,6.27
S0773,22.0,Female,3.04,6.33,74.43,67.45,78.63,9.3,5.62,5.92
S0774,23.0,Female,2.24,6.99,75.04,72.74,63.15,5.27,4.08,5.8
S0775,22.0,Male,4.08,6.68,89.84,63.51,63.06,7.67,1.87,6.67
S0776,17.0,Female,5.34,6.3,69.46,58.08,70.26,5.58,2.83,6.55
S0777,18.0,Male,6.28,5.67,59.49,79.65,54.39,4.53,2.18,5.74
S0778,20.0,Male,4.36,7.53,76.07,55.9,66.59,5.01,4.9,6.29
S0779,20.0,Female,3.92,5.22,72.19,68.78,60.42,5.16,3.39,6.37
S0780,22.0,Male,4.77,7.73,66.41,60.07,49.15,6.71,1.82,5.31
S0781,21.0,Female,3.0,5.6,75.9,83.25,69.05,8.25,2.29,7.0
S0782,17.0,Male,8.26,5.9,83.9,100.0,61.84,6.22,4.68,7.08
S0783,22.0,Female,1.61,5.04,77.89,55.48,63.12,7.87,5.4,6.19
S0784,22.0,Male,4.83,6.2,81.68,47.2,50.48,3.57,5.29,5.56
S0785,22.0,Female,8.14,7.97,99.76,73.13,84.1,4.67,4.14,7.57
S0786,24.0,Female,4.51,7.42,73.89,75.24,75.52,4.05,2.62,6.76
S0787,23.0,Female,4.16,7.97,81.34,78.28,76.57,6.13,0.0,7.19
S0788,22.0,Female,3.86,7.43,71.89,68.31,61.33,4.78,3.45,6.09
S0789,20.0,Male,4.18,5.48,67.84,71.99,44.25,6.96,3.0,5.51
S0790,17.0,Female,6.97,6.4,70.98,80.51,88.44,3.64,3.21,7.66
S0791,22.0,Male,0.52,5.86,72.25,90.61,64.27,5.59,3.08,6.19
S0792,21.0,Male,7.26,8.4,82.31,45.67,56.01,6.87,1.01,6.37
S0793,21.0,Male,1.94,5.36,100.0,69.47,70.0,1.37,3.84,6.19
S0794,17.0,Female,4.02,7.87,69.41,78.21,79.01,9.74,3.95,6.89
S0795,17.0,Male,3.73,7.87,73.0,61.23,64.72,4.93,4.02,6.2
S0796,24.0,Male,5.56,9.0,77.24,100.0,80.34,1.45,4.42,8.34
S0797,20.0,Male,1.62,6.31,82.75,65.47,78.0,5.82,3.91,6.21
S0798,23.0,Female,5.33,7.65,81.16,74.38,52.08,5.57,2.38,5.71
S0799,21.0,Female,8.14,9.54,93.41,83.34,56.91,5.34,2.89,7.56
S0800,21.0,Male,2.05,6.06,48.88,66.13,76.49,7.48,3.14,6.03
S0801,23.0,Female,4.84,4.96,49.36,47.3,32.45,6.99,3.16,4.13
S0802,19.0,Female,3.31,4.54,72.05,68.57,63.21,6.1,4.5,5.4
S0803,21.0,Male,5.27,7.66,91.17,90.44,47.83,6.4,3.97,7.25
S0804,19.0,Male,4.53,4.54,59.21,69.95,59.28,5.29,6.12,6.29
S0805,19.0,Female,3.35,6.35,41.91,62.3,61.41,9.05,6.31,4.19
S0806,20.0,Male,5.38,7.32,84.85,88.89,60.7,2.54,3.12,6.84
S0807,21.0,Female,7.75,7.02,80.92,70.04,58.37,5.78,0.0,7.54
S0808,19.0,Female,4.16,7.31,64.92,67.35,51.83,5.63,4.86,5.54
S0809,24.0,Female,5.8,7.07,66.17,77.24,92.5,7.13,2.19,7.17
S0810,18.0,Female,2.17,8.33,66.36,86.56,87.41,3.81,1.8,7.06
S0811,20.0,Female,2.78,5.66,79.33,100.0,51.06,2.01,2.4,6.05
S0812,19.0,Female,5.35,5.99,70.48,87.41,83.99,5.81,2.33,6.6
S0813,25.0,Male,7.17,5.87,83.93,92.4,60.21,6.06,3.92,7.42
S0814,21.0,Male,5.14,7.8,43.74,67.41,66.55,8.48,0.66,5.26
S0815,24.0,Female,3.94,7.88,67.72,59.61,64.24,2.96,1.38,6.4
S0816,17.0,Female,4.5,7.34,64.49,75.93,57.08,7.81,3.51,6.4
S0817,21.0,Female,2.25,8.22,74.92,76.61,76.81,10.0,3.93,6.01
S0818,23.0,Male,5.59,5.39,71.54,58.82,66.51,4.74,3.96,5.93
S0819,21.0,Female,6.09,8.8,87.57,72.37,59.28,2.92,1.82,7.47
S0820,24.0,Male,3.69,8.63,55.69,80.99,49.34,4.69,1.53,6.1
S0821,19.0,Female,3.65,7.68,78.55,80.41,54.28,5.53,2.24,6.13
S0822,25.0,Female,4.98,8.94,84.7,82.56,45.3,6.63,3.36,6.85
S0823,27.0,Male,3.71,4.81,100.0,79.36,65.15,4.32,5.23,7.35
S0824,19.0,Male,4.38,6.17,72.22,67.39,50.64,8.61,0.0,6.07
S0825,19.0,Female,8.28,5.92,81.89,67.29,61.81,3.27,2.67,6.53
S0826,25.0,Female,4.06,7.67,56.35,57.02,81.44,2.02,1.0,6.44
S0827,25.0,Female,3.85,5.54,49.3,100.0,79.39,7.71,0.52,6.89
S0828,19.0,Male,3.33,7.71,88.14,75.2,64.61,1.0,4.45,6.72
S0829,19.0,Male,5.84,8.44,77.93,71.63,63.95,5.09,3.82,7.09
S0830,20.0,Male,4.17,7.63,92.14,61.07,87.56,10.0,3.67,6.59
S0831,17.0,Male,3.33,7.14,61.52,100.0,71.25,5.48,4.38,6.08
S0832,18.0,Male,6.88,5.61,84.24,58.9,61.07,3.26,2.28,6.73
S0833,17.0,Male,7.06,5.78,100.0,68.57,47.89,5.39,2.35,6.48
S0834,18.0,Female,3.42,8.3,83.04,81.24,69.73,5.4,6.28,6.5
S0835,20.0,Female,1.14,7.74,81.32,84.0,74.95,5.82,2.63,6.12
S0836,21.0,Male,6.31,6.75,78.1,89.37,57.42,6.82,4.1,6.69
S0837,25.0,Female,3.27,6.3,59.15,100.0,68.49,3.42,3.01,6.61
S0838,18.0,Female,5.92,4.37,94.27,82.59,60.64,8.88,0.23,7.24
S0839,23.0,Male,0.95,5.51,70.67,59.16,62.79,5.99,0.0,5.9
S0840,20.0,Female,6.11,9.09,84.05,71.15,35.15,6.95,2.13,6.0
S0841,20.0,Male,2.32,5.26,59.24,79.62,62.34,4.24,4.58,6.36
S0842,23.0,Male,5.82,7.03,63.85,100.0,76.63,8.07,4.18,6.53
S0843,17.0,Female,4.53,8.01,95.22,54.03,57.42,4.99,4.37,6.64
S0844,22.0,Male,2.78,5.29,73.83,93.04,65.63,6.06,1.52,5.96
S0845,21.0,Male,3.77,7.02,95.44,77.7,55.93,3.63,5.42,6.26
S0846,22.0,Male,5.74,7.93,77.06,87.57,69.33,3.51,1.55,6.74
S0847,21.0,Male,4.69,6.81,55.9,73.47,62.4,6.88,3.32,6.34
S0848,28.0,Male,5.55,10.0,88.7,62.36,53.73,4.61,2.98,6.56
S0849,19.0,Male,8.06,4.8,70.92,86.26,80.99,3.79,2.74,7.43
S0850,19.0,Male,1.68,8.07,86.38,84.82,76.15,4.21,5.01,6.54
S0851,19.0,Male,7.41,6.59,78.3,89.58,57.74,6.9,1.94,6.79
S0852,19.0,Female,4.69,7.73,59.48,74.8,70.97,4.24,0.98,6.31
S0853,19.0,Female,2.88,7.33,79.97,66.0,71.45,5.26,3.03,6.73
S0854,24.0,Female,2.11,5.92,100.0,51.62,72.71,5.53,2.4,6.28
S0855,25.0,Male,4.16,7.07,83.92,87.29,44.67,1.67,8.0,6.68
S0856,19.0,Male,6.16,4.57,77.31,81.36,77.08,2.56,4.01,6.48
S0857,18.0,Female,4.27,7.52,90.9,60.51,58.16,6.17,2.39,6.15
S0858,22.0,Female,7.22,7.16,80.53,66.92,60.71,4.03,1.42,7.49
S0859,19.0,Female,1.89,7.57,80.51,68.0,96.65,7.61,0.18,7.19
S0860,22.0,Male,4.48,8.07,64.9,52.76,68.62,7.43,1.46,5.68
S0861,21.0,Female,2.25,7.24,80.81,62.73,60.36,6.94,3.17,6.18
S0862,17.0,Female,5.15,6.98,90.43,57.99,38.54,9.14,5.14,5.48
S0863,25.0,Male,6.1,5.74,67.97,68.81,81.68,5.33,4.68,6.51
S0864,26.0,Female,3.74,5.95,95.09,63.92,48.86,6.8,3.34,5.69
S0865,19.0,Male,0.5,8.22,76.9,50.59,52.96,4.33,2.52,6.7
S0866,19.0,Male,4.86,8.52,67.35,100.0,61.02,10.0,3.4,6.52
S0867,21.0,Male,5.29,6.51,89.97,93.79,82.0,9.47,2.22,6.86
S0868,22.0,Female,5.23,6.86,74.56,63.31,74.28,5.52,5.58,7.19
S0869,22.0,Female,6.72,5.71,87.11,79.09,63.11,6.27,2.72,7.2
S0870,27.0,Male,2.57,8.21,74.5,81.26,68.7,8.22,2.87,6.24
S0871,20.0,Female,5.72,7.6,77.28,92.87,57.8,5.21,0.0,6.6
S0872,18.0,Female,6.65,9.13,83.92,62.72,66.68,4.19,2.71,7.25
S0873,17.0,Female,1.3,5.75,81.49,91.38,65.88,7.25,4.25,6.37
S0874,18.0,Female,5.08,6.35,54.05,66.78,76.63,5.66,1.4,5.7
S0875,20.0,Male,3.59,7.08,64.55,54.96,76.61,5.87,1.87,7.07
S0876,26.0,Female,4.35,7.58,89.15,85.86,70.93,3.83,4.19,7.01
S0877,19.0,Male,5.13,6.54,76.41,94.36,60.65,2.06,0.79,7.6
S0878,21.0,Male,3.62,5.75,71.72,100.0,73.9,5.97,4.59,7.4
S0879,20.0,Female,3.28,7.86,61.7,57.0,63.9,7.31,2.2,5.5
S0880,24.0,Male,4.56,7.67,65.04,85.48,52.02,5.05,2.42,6.62
S0881,28.0,Female,2.54,5.7,53.74,68.85,60.16,8.37,1.31,5.37
S0882,19.0,Female,2.55,8.43,76.78,86.75,66.01,4.09,3.57,5.95
S0883,19.0,Male,5.72,8.2,70.82,52.94,75.92,3.39,6.69,6.36
S0884,24.0,Male,2.43,6.96,66.4,56.06,62.8,5.37,4.17,5.93
S0885,23.0,Male,5.7,6.9,77.18,63.36,50.49,5.33,1.7,5.99
S0886,26.0,Male,5.33,7.46,82.37,76.18,65.68,7.04,4.7,6.6
S0887,22.0,Female,1.39,5.77,100.0,65.38,66.36,3.95,2.52,7.11
S0888,19.0,Female,3.28,6.84,59.86,84.89,67.23,8.24,5.06,6.2
S0889,22.0,Female,6.65,4.22,91.91,90.4,76.04,9.43,4.21,7.02
S0890,24.0,Male,2.73,7.85,89.68,83.99,77.23,5.42,0.0,7.65
S0891,23.0,Male,3.66,4.93,68.65,99.28,57.87,8.0,1.49,6.48
S0892,22.0,Male,5.33,8.6,80.44,81.24,57.61,3.39,4.42,5.69
S0893,24.0,Female,5.91,6.4,72.51,56.75,52.52,7.65,3.23,6.07
S0894,24.0,Male,4.05,6.55,80.23,95.45,73.39,7.59,1.46,7.33
S0895,25.0,Female,3.42,6.05,96.11,65.92,82.39,7.23,2.05,7.22
S0896,22.0,Male,7.06,6.45,85.27,88.66,61.22,5.47,0.14,7.59
S0897,20.0,Female,7.63,8.5,84.1,98.61,62.1,1.0,2.87,7.27
S0898,21.0,Female,6.26,3.81,72.84,81.85,82.6,4.22,6.32,7.17
S0899,24.0,Male,4.65,8.33,60.19,52.56,71.07,4.25,4.21,5.54
S0900,18.0,Male,3.05,7.21,75.5,61.23,70.23,3.54,6.29,6.44
S0901,22.0,Female,3.01,5.35,92.48,94.84,50.71,5.74,4.32,7.25
S0902,19.0,Female,5.44,5.51,59.67,72.46,73.14,4.66,4.54,6.03
S0903,21.0,Male,5.25,8.81,65.34,76.19,53.85,3.85,5.96,5.81
S0904,24.0,Male,7.02,5.67,79.52,86.38,51.39,3.38,3.57,6.35
S0905,21.0,Female,5.67,5.42,66.18,85.44,60.84,4.07,2.72,6.56
S0906,21.0,Male,1.79,8.16,68.49,79.18,57.97,7.74,4.55,5.5
S0907,17.0,Female,6.39,7.21,72.92,71.87,62.34,4.18,5.18,6.69
S0908,23.0,Female,2.7,5.67,61.61,70.31,47.71,4.47,2.28,5.86
S0909,22.0,Male,3.81,7.06,66.31,87.87,76.51,4.59,1.92,7.15
S0910,27.0,Male,4.95,5.57,86.44,83.3,78.53,6.18,3.21,6.55
S0911,20.0,Male,8.09,8.12,62.31,71.14,41.63,6.41,4.25,6.27
S0912,21.0,Male,10.1,8.07,58.83,91.23,76.74,1.0,4.2,7.9
S0913,21.0,Male,5.59,7.44,70.44,73.06,55.27,7.54,0.86,6.66
S0914,25.0,Female,4.17,7.23,86.78,62.23,75.28,8.37,5.87,6.81
S0915,20.0,Female,5.46,8.91,75.64,63.62,64.18,3.4,2.04,6.77
S0916,21.0,Male,6.1,6.8,72.43,60.32,65.35,3.56,2.6,6.94
S0917,22.0,Male,3.92,5.38,78.53,70.91,62.78,4.6,1.65,7.23
S0918,21.0,Male,7.73,7.34,57.05,93.51,79.55,3.99,7.05,6.72
S0919,19.0,Female,4.91,9.3,83.94,62.92,50.12,5.95,3.36,6.67
S0920,21.0,Male,5.4,5.58,82.6,77.83,72.29,1.61,1.72,7.14
S0921,24.0,Male,5.7,6.37,73.09,65.15,78.22,3.26,4.3,6.81
S0922,17.0,Female,5.26,7.3,90.07,71.1,73.6,8.58,4.15,6.39
S0923,21.0,Female,6.01,6.74,64.47,52.35,92.9,3.64,2.72,6.94
S0924,18.0,Male,3.39,5.62,91.53,71.69,58.65,7.99,4.26,5.93
S0925,24.0,Male,3.5,8.15,79.85,72.09,76.49,6.21,1.76,6.77
S0926,17.0,Male,2.52,9.58,73.96,83.1,63.73,1.88,2.26,6.26
S0927,19.0,Female,5.29,7.04,77.76,78.35,79.8,6.77,0.0,7.12
S0928,22.0,Male,5.9,5.72,76.71,57.02,64.91,5.26,1.01,6.34
S0929,25.0,Male,5.32,4.94,92.64,91.26,60.35,4.59,5.71,6.93
S0930,20.0,Male,7.51,7.11,65.08,78.15,80.67,5.99,5.46,6.4
S0931,19.0,Female,4.49,8.12,68.85,77.98,59.1,6.45,3.1,5.75
S0932,26.0,Female,5.7,7.37,90.44,74.86,48.05,6.92,5.49,6.47
S0933,17.0,Male,2.53,6.8,70.85,67.23,58.8,7.86,2.76,5.59
S0934,17.0,Male,3.8,6.09,88.81,78.27,72.43,6.32,2.63,7.42
S0935,22.0,Female,5.75,5.49,98.39,82.13,81.7,2.75,3.08,7.85
S0936,19.0,Female,6.03,7.8,73.18,48.8,66.33,4.55,2.81,6.64
S0937,17.0,Female,3.97,7.9,86.18,66.92,80.82,10.0,2.68,7.57
S0938,23.0,Female,4.37,4.95,64.16,71.18,48.7,6.95,4.72,5.43
S0939,21.0,Female,1.77,8.71,87.06,78.84,59.68,10.0,3.23,6.14
S0940,19.0,Female,3.86,7.49,80.39,92.9,61.54,8.29,4.07,7.0
S0941,17.0,Female,6.1,8.48,83.68,63.42,63.63,5.98,4.55,6.86
S0942,23.0,Female,5.54,5.19,70.25,67.53,66.01,6.1,3.58,6.27
S0943,22.0,Female,5.4,5.16,58.07,67.31,73.29,5.43,1.54,6.98
S0944,20.0,Male,4.59,6.62,84.04,62.98,59.66,2.02,0.97,6.51
S0945,26.0,Male,4.51,7.4,53.24,69.79,66.67,5.54,3.22,6.12
S0946,17.0,Male,3.31,8.96,74.19,86.56,64.46,7.92,2.74,6.63
S0947,17.0,Female,5.76,7.65,89.29,59.19,53.89,4.3,3.13,6.09
S0948,18.0,Male,5.26,6.51,80.3,81.42,63.64,6.32,2.98,6.78
S0949,20.0,Female,5.39,5.57,100.0,49.47,63.28,7.2,6.88,6.96
S0950,21.0,Female,3.55,8.28,90.3,66.58,63.02,3.68,1.0,6.98
S0951,20.0,Male,0.62,5.64,70.15,70.06,65.38,4.6,0.02,6.13
S0952,22.0,Female,6.47,8.75,78.33,100.0,65.91,3.46,3.5,7.29
S0953,17.0,Male,3.64,6.46,77.43,70.88,59.81,3.86,2.44,6.49
S0954,25.0,Male,2.95,8.71,59.01,41.98,80.27,2.92,3.47,6.49
S0955,20.0,Male,5.75,7.61,66.72,45.02,50.97,3.7,3.88,5.93
S0956,24.0,Female,3.79,6.64,71.27,75.51,56.35,8.34,4.93,5.83
S0957,22.0,Male,6.41,6.18,53.57,84.21,98.36,3.67,0.74,7.72
S0958,22.0,Female,5.61,6.39,78.57,80.63,52.54,5.75,2.16,6.65
S0959,22.0,Male,5.73,7.31,75.01,77.51,48.75,4.49,3.64,5.84
S0960,22.0,Male,2.04,6.89,57.93,92.43,73.81,7.86,4.16,6.43
S0961,22.0,Male,6.68,6.09,82.85,66.91,40.07,8.12,6.29,4.91
S0962,24.0,Female,4.97,6.6,86.59,88.42,62.18,7.23,4.43,7.01
S0963,21.0,Female,3.84,6.89,80.72,50.52,90.75,6.11,2.91,7.26
S0964,23.0,Female,4.76,4.25,74.11,61.43,46.46,5.04,1.66,6.05
S0965,20.0,Male,1.3,7.35,85.1,47.89,41.22,3.12,2.15,5.3
S0966,25.0,Male,5.24,5.62,86.16,70.88,47.01,9.39,2.11,6.24
S0967,18.0,Female,2.65,5.42,81.69,74.31,75.78,3.98,3.98,7.31
S0968,26.0,Female,2.07,4.78,68.1,76.71,78.5,6.83,3.39,7.0
S0969,20.0,Female,1.76,4.65,81.32,75.93,58.85,7.62,1.01,6.15
S0970,17.0,Female,6.5,5.17,92.35,61.09,73.2,4.39,2.35,7.17
S0971,21.0,Female,3.37,5.95,70.84,72.15,81.68,7.58,4.32,7.08
S0972,18.0,Female,7.26,9.14,100.0,52.54,86.45,7.03,3.53,7.08
S0973,23.0,Male,3.54,6.17,71.69,95.45,62.04,8.96,3.85,6.3
S0974,19.0,Female,1.43,7.01,78.39,70.45,37.38,4.56,3.57,5.96
S0975,19.0,Male,2.49,7.28,69.93,67.67,55.15,2.93,5.44,6.21
S0976,17.0,Male,6.72,6.96,80.68,98.83,59.88,4.49,3.35,7.26
S0977,19.0,Female,4.22,6.71,57.09,56.37,61.89,5.92,2.42,5.2
S0978,17.0,Female,3.51,5.37,71.45,58.12,62.75,5.62,1.63,6.03
S0979,17.0,Male,4.79,8.54,64.89,58.56,78.43,4.71,3.37,6.39
S0980,23.0,Female,5.4,8.97,79.62,73.98,80.29,1.68,0.0,7.68
S0981,23.0,Female,6.51,4.78,89.93,81.47,62.94,6.44,2.72,6.65
S0982,22.0,Male,7.11,5.57,85.75,86.1,78.18,9.44,2.69,7.01
S0983,18.0,Male,3.85,6.46,49.54,100.0,69.29,6.43,0.95,5.71
S0984,20.0,Male,2.11,5.64,100.0,41.26,65.77,6.72,1.61,6.79
S0985,20.0,Female,3.76,7.41,81.54,84.13,75.88,6.64,4.21,6.85
S0986,17.0,Male,4.97,5.93,68.68,66.64,65.87,6.29,3.35,6.35
S0987,25.0,Female,2.77,9.4,79.89,66.2,89.69,7.36,3.15,7.15
S0988,23.0,Male,2.78,8.23,80.11,65.7,47.74,6.29,3.46,5.42
S0989,20.0,Male,5.12,7.06,70.0,61.37,58.82,4.87,3.14,5.64
S0990,21.0,Male,4.41,8.03,80.38,100.0,63.48,3.91,4.86,6.59
S0991,21.0,Female,4.56,8.13,70.71,87.63,70.27,5.0,3.19,6.6
S0992,17.0,Female,3.13,6.12,73.15,75.35,80.22,6.13,0.81,7.04
S0993,20.0,Male,4.09,5.82,69.76,95.27,64.71,4.87,5.45,6.23
S0994,18.0,Male,2.84,6.89,60.81,52.31,47.93,6.13,3.56,5.9
S0995,17.0,Male,6.1,7.83,79.75,55.04,75.11,6.38,2.12,7.29
S0996,20.0,Female,6.36,6.97,85.02,42.33,74.06,7.17,1.12,7.09
S0997,26.0,Male,1.18,4.91,84.18,64.51,41.7,8.07,3.59,5.3
S0998,22.0,Female,2.83,5.84,87.84,77.43,64.95,5.66,2.82,7.24
S0999,19.0,Male,1.81,6.71,81.89,76.54,45.92,2.88,5.36,5.74
S1000,22.0,Male,3.33,6.71,71.61,77.24,57.02,4.81,2.48,6.19
